Emp_Id,Employee_Name,Grade,Department,Location,Primary_Skill,Secondary_Skill,Course_ID,Course_Name,Course_Category,Course_Start_Date,Course_End_Date,Duration_Hours,Delivery_Mode,Course_Status,Completion_Percentage,Assessment_Score,Certification_Earned,Business_Priority,Skill_Gap_Score,Manager,Availability_Hours_Per_Week,Current_Project,Bench_Status,Performance_Rating,Learning_Style,Career_Goal,Recommended_Flag
E001,Daniel Park,G5,Engineering,NY,Java,Spring Boot,TM022,Backend API Development,Backend,15-01-2025,28-02-2025,50.0,Hybrid,Completed,100.0,85.0,Yes,High,0.25,Lisa Chen,0.0,Project C,Active,4.2,Hands-on,Tech Lead,0.0
E002,George Wang,G3,Engineering,Seattle,JavaScript,React,TM007,Full Stack Web Development,Development,10-02-2025,25-03-2025,45.0,Online,Completed,100.0,78.0,Yes,High,0.3,Tom Davis,0.0,Project F,Active,3.8,Visual,Senior Developer,0.0
E003,Kevin OBrien,G6,Engineering,Toronto,Java,Microservices,TM042,Software Architecture Design,Architecture,01-03-2025,15-05-2025,70.0,Hybrid,In Progress,65.0,0.0,No,Critical,0.4,Ryan Martinez,10.0,Project J,Active,4.5,Reading,Architect,1.0
E004,Oscar Martinez,G3,IT Support,Dallas,Linux,Shell Scripting,TM036,Linux System Administration,Infrastructure,20-01-2025,05-03-2025,40.0,Hybrid,Completed,100.0,82.0,Yes,High,0.2,Mark Taylor,0.0,Project N,Active,3.6,Hands-on,DevOps Engineer,0.0
E005,Rachel Green,G5,Engineering,Atlanta,Go,Kubernetes,TM014,DevOps and CI/CD Pipeline,DevOps,05-02-2025,20-03-2025,50.0,Hybrid,Completed,100.0,88.0,Yes,Critical,0.15,Sarah Brown,0.0,Project Q,Active,4.3,Hands-on,SRE Lead,0.0
E006,Xavier Ross,G4,IT Support,San Antonio,Windows,PowerShell,TM038,AWS Cloud Practitioner,Cloud,12-03-2025,25-04-2025,40.0,Online,In Progress,70.0,0.0,No,High,0.45,Julia Adams,15.0,Project W,Active,3.9,Visual,Cloud Engineer,1.0
E007,Brandon Scott,G4,QA,Fort Worth,Appium,Mobile Testing,TM023,Automated Testing with Selenium,Testing,01-04-2025,10-05-2025,35.0,Hybrid,Not Started,0.0,0.0,No,High,0.55,Lisa Chen,20.0,Project AA,Bench,3.7,Hands-on,Test Lead,1.0
E008,Henry Adams,G6,Data Science,Washington,Tableau,Power BI,TM030,Machine Learning with Python,Data Science,15-02-2025,10-04-2025,50.0,Hybrid,Completed,100.0,90.0,Yes,Critical,0.2,Amy Garcia,0.0,Project AG,Active,4.6,Reading,AI Lead,0.0
E009,Maria Johnson,G3,QA,Louisville,Cucumber,BDD,TM024,Automated Testing with Selenium,Testing,20-03-2025,15-04-2025,20.0,Online,Completed,100.0,76.0,Yes,High,0.35,Mark Taylor,0.0,Project AL,Active,3.5,Visual,QA Engineer,0.0
E010,Rita Wilson,G4,QA,Sacramento,Robot Framework,Python,TM001,Python Programming Fundamentals,Programming,05-01-2025,10-02-2025,30.0,Online,Completed,100.0,80.0,Yes,High,0.3,Nancy Kim,0.0,Project AQ,Active,3.8,Visual,SDET,0.0
E011,Fiona Clark,G6,Data Science,Boston,Machine Learning,Python,TM004,Machine Learning with Python,Data Science,01-02-2025,25-04-2025,80.0,Hybrid,In Progress,75.0,0.0,No,Critical,0.25,Sarah Brown,8.0,Project E,Active,4.7,Reading,ML Architect,1.0
E012,Julia Santos,G5,Engineering,Denver,Python,FastAPI,TM009,Full Stack Web Development,Development,10-03-2025,05-05-2025,50.0,Hybrid,In Progress,50.0,0.0,No,High,0.4,Amy Garcia,12.0,Project I,Active,4.1,Hands-on,Full Stack Lead,1.0
E013,Patricia White,G6,Engineering,Miami,Scala,Spark,TM027,Data Pipeline Engineering,Data Engineering,20-01-2025,15-03-2025,55.0,Hybrid,Completed,100.0,87.0,Yes,High,0.15,Lisa Chen,0.0,Project O,Active,4.4,Hands-on,Data Architect,0.0
E014,Uma Krishnan,G6,Data Science,San Diego,TensorFlow,PyTorch,TM029,Machine Learning with Python,Data Science,01-03-2025,10-05-2025,65.0,Hybrid,In Progress,60.0,0.0,No,High,0.3,Chris Lee,10.0,Project T,Active,4.8,Reading,AI Researcher,1.0
E015,Zachary King,G6,Data Science,Jacksonville,Spark,Databricks,TM028,Data Pipeline Engineering,Data Engineering,15-02-2025,30-03-2025,40.0,Hybrid,Completed,100.0,84.0,Yes,High,0.2,Jane Doe,0.0,Project Y,Active,4.3,Hands-on,Data Lead,0.0
E016,Ian Foster,G4,Data Science,LA,SQL,PostgreSQL,TM006,Data Analysis and Visualization,Analytics,01-02-2025,10-03-2025,35.0,Hybrid,Completed,100.0,79.0,Yes,High,0.25,Chris Lee,0.0,Project H,Active,4.0,Hands-on,DBA,0.0
E017,Michael Turner,G4,Engineering,Austin,Python,Django,TM002,Python Programming Fundamentals,Programming,20-01-2025,05-03-2025,40.0,Hybrid,Completed,100.0,82.0,Yes,High,0.2,John Smith,0.0,Project L,Active,4.1,Hands-on,Backend Dev,0.0
E018,Tanya Brooks,G4,Engineering,Minneapolis,Ruby,Rails,TM008,Full Stack Web Development,Development,10-02-2025,15-03-2025,30.0,Online,Completed,100.0,75.0,Yes,High,0.45,Nancy Kim,18.0,Project S,Bench,3.9,Visual,Full Stack Dev,1.0
E019,Yolanda Fisher,G5,Engineering,San Jose,TypeScript,Angular,TM007,Full Stack Web Development,Development,01-03-2025,18-04-2025,45.0,Online,In Progress,80.0,0.0,No,High,0.3,John Smith,10.0,Project X,Active,4.2,Visual,Frontend Lead,1.0
E020,Frank Miller,G4,Engineering,Seattle,PHP,Laravel,TM009,Full Stack Web Development,Development,15-03-2025,08-05-2025,50.0,Hybrid,Not Started,0.0,0.0,No,High,0.5,Nancy Kim,22.0,Project AE,Bench,3.8,Hands-on,Backend Dev,1.0
E021,Samuel Wright,G3,Data Science,Detroit,Python,Pandas,TM010,Data Analysis and Visualization,Analytics,01-01-2025,10-02-2025,35.0,Online,Completed,100.0,74.0,Yes,High,0.4,Tom Davis,15.0,Project R,Bench,3.4,Visual,Data Analyst,1.0
E022,Victor Chen,G5,Engineering,Houston,CPP,Qt,TM013,DevOps and CI/CD Pipeline,DevOps,20-02-2025,25-03-2025,30.0,Hybrid,Completed,100.0,81.0,Yes,High,0.25,Amy Garcia,0.0,Project U,Active,4.0,Hands-on,Systems Dev,0.0
E023,Amanda Collins,G3,Engineering,Columbus,HTML,CSS,TM008,Full Stack Web Development,Development,05-02-2025,10-03-2025,30.0,Online,Completed,100.0,77.0,Yes,High,0.35,Mark Taylor,0.0,Project Z,Active,3.5,Visual,Web Dev,0.0
E024,Carmen Diaz,G5,Data Science,Charlotte,SAS,SPSS,TM003,Machine Learning with Python,Data Science,01-03-2025,05-05-2025,60.0,Hybrid,In Progress,55.0,0.0,No,Critical,0.45,Mike Wilson,15.0,Project AB,Active,4.1,Reading,Data Scientist,1.0
E025,Emily Foster,G3,IT Support,San Francisco,MacOS,Jamf,TM035,DevOps and CI/CD Pipeline,DevOps,10-01-2025,28-01-2025,15.0,Online,Completed,100.0,85.0,Yes,High,0.2,Tom Davis,0.0,Project AD,Active,3.6,Visual,IT Admin,0.0
E026,Grace Thompson,G5,QA,Denver,Postman,Newman,TM023,Automated Testing with Selenium,Testing,15-02-2025,25-03-2025,35.0,Hybrid,Completed,100.0,80.0,Yes,High,0.3,Chris Lee,0.0,Project AF,Active,4.0,Hands-on,QA Lead,0.0
E027,Irene Garcia,G3,Engineering,Boston,Kotlin,Android,TM039,Full Stack Web Development,Development,01-03-2025,20-04-2025,45.0,Online,In Progress,40.0,0.0,No,Medium,0.5,Ryan Martinez,18.0,Project AH,Bench,3.7,Visual,Mobile Dev,1.0
E028,Karen Lee,G5,Engineering,Memphis,Swift,iOS,TM039,Full Stack Web Development,Development,10-02-2025,30-03-2025,45.0,Online,Completed,100.0,83.0,Yes,Medium,0.25,John Smith,0.0,Project AJ,Active,4.2,Hands-on,iOS Lead,0.0
E029,Nathan Brown,G4,Engineering,Milwaukee,Node.js,Express,TM040,Full Stack Web Development,Development,20-03-2025,25-04-2025,30.0,Online,In Progress,60.0,0.0,No,Medium,0.35,Lisa Chen,12.0,Project AM,Active,3.9,Hands-on,Backend Dev,1.0
E030,Steve Clark,G5,Engineering,Long Beach,Docker,Compose,TM014,DevOps and CI/CD Pipeline,DevOps,01-02-2025,25-03-2025,50.0,Hybrid,Completed,100.0,86.0,Yes,Critical,0.2,Chris Lee,0.0,Project AR,Active,4.3,Hands-on,DevOps Lead,0.0
E031,Aaron Smith,G5,Engineering,Miami,Terraform,Ansible,TM012,AWS Cloud Practitioner,Cloud,15-01-2025,20-03-2025,60.0,Hybrid,Completed,100.0,88.0,Yes,Critical,0.15,Mike Wilson,0.0,Project AZ,Active,4.4,Hands-on,Cloud Architect,0.0
E032,Carlos Rivera,G3,Engineering,Minneapolis,Vue.js,Nuxt,TM007,Full Stack Web Development,Development,01-04-2025,20-05-2025,45.0,Online,Not Started,0.0,0.0,No,High,0.55,Tom Davis,25.0,Project BB,Bench,3.5,Visual,Frontend Dev,1.0
E033,Edward Blake,G5,IT Support,Cleveland,Splunk,ELK,TM019,Cybersecurity Essentials,Security,10-02-2025,25-03-2025,40.0,Online,Completed,100.0,79.0,Yes,Critical,0.3,Chris Lee,0.0,Project BD,Active,4.0,Reading,Security Analyst,0.0
E034,Gary Cooper,G3,QA,Arlington,TestRail,Zephyr,TM024,Automated Testing with Selenium,Testing,20-03-2025,12-04-2025,20.0,Online,In Progress,70.0,0.0,No,High,0.4,Ryan Martinez,15.0,Project BF,Bench,3.6,Visual,Test Analyst,1.0
E035,Ivan Petrov,G5,Data Science,Bakersfield,dbt,Airflow,TM028,Data Pipeline Engineering,Data Engineering,01-01-2025,15-02-2025,40.0,Hybrid,Completed,100.0,82.0,Yes,High,0.2,John Smith,0.0,Project BH,Active,4.2,Hands-on,Data Engineer,0.0
E036,Kyle Reese,G3,Engineering,Honolulu,Dart,Flutter,TM008,Full Stack Web Development,Development,15-02-2025,20-03-2025,30.0,Online,Completed,100.0,76.0,Yes,High,0.35,Mark Taylor,0.0,Project BJ,Active,3.7,Visual,Mobile Dev,0.0
E037,Marcus Aurelius,G5,Engineering,Anaheim,GraphQL,Apollo,TM022,Backend API Development,Backend,01-03-2025,25-04-2025,50.0,Hybrid,In Progress,45.0,0.0,No,High,0.4,Mike Wilson,15.0,Project BL,Active,4.1,Hands-on,API Developer,1.0
E038,Oscar Wilde,G3,IT Support,St Louis,Zabbix,Nagios,TM011,AWS Cloud Practitioner,Cloud,10-03-2025,25-04-2025,40.0,Online,In Progress,50.0,0.0,No,Critical,0.5,Tom Davis,18.0,Project BN,Bench,3.5,Visual,IT Support,1.0
E039,Quincy Jones,G5,QA,Corpus Christi,Tosca,UFT,TM023,Automated Testing with Selenium,Testing,20-01-2025,28-02-2025,35.0,Hybrid,Completed,100.0,81.0,Yes,High,0.25,Chris Lee,0.0,Project BP,Active,4.0,Hands-on,QA Lead,0.0
E040,Elena Rodriguez,G4,QA,SF,Selenium,Cypress,TM001,Python Programming Fundamentals,Programming,01-02-2025,08-03-2025,30.0,Online,Completed,100.0,78.0,Yes,High,0.3,Mike Wilson,0.0,Project D,Active,3.9,Hands-on,Automation Eng,0.0
E041,Hannah Moore,G5,Engineering,Chicago,Cloud,Azure,TM012,AWS Cloud Practitioner,Cloud,15-02-2025,20-04-2025,60.0,Hybrid,In Progress,70.0,0.0,No,Critical,0.35,Nancy Kim,12.0,Project G,Active,4.2,Reading,Cloud Specialist,1.0
E042,Laura Kim,G3,QA,Montreal,Selenium,Cypress,TM023,Automated Testing with Selenium,Testing,01-03-2025,10-04-2025,35.0,Hybrid,In Progress,65.0,0.0,No,High,0.4,Julia Adams,15.0,Project K,Bench,3.6,Hands-on,QA Analyst,1.0
E043,Nina Patel,G5,Data Science,Phoenix,R,Python,TM003,Machine Learning with Python,Data Science,10-01-2025,15-03-2025,60.0,Hybrid,Completed,100.0,84.0,Yes,Critical,0.2,Jane Doe,0.0,Project M,Active,4.3,Reading,Data Scientist,0.0
E044,Quinn Hayes,G4,QA,Portland,JMeter,Gatling,TM024,Automated Testing with Selenium,Testing,20-02-2025,15-03-2025,20.0,Online,Completed,100.0,80.0,Yes,High,0.25,Mike Wilson,0.0,Project P,Active,3.8,Hands-on,Perf Tester,0.0
E045,Derek Young,G6,Engineering,Indianapolis,Rust,WebAssembly,TM042,Software Architecture Design,Architecture,01-02-2025,20-04-2025,70.0,Hybrid,In Progress,80.0,0.0,No,Critical,0.3,Sarah Brown,8.0,Project AC,Active,4.6,Reading,Systems Architect,1.0
E046,Leo Martinez,G6,Data Science,Baltimore,NLP,Transformers,TM030,Machine Learning with Python,Data Science,15-01-2025,10-03-2025,50.0,Hybrid,Completed,100.0,92.0,Yes,Critical,0.15,Jane Doe,0.0,Project AK,Active,4.7,Reading,NLP Lead,0.0
E047,Paul Anderson,G6,Engineering,Tucson,Erlang,Elixir,TM009,Full Stack Web Development,Development,01-03-2025,28-04-2025,50.0,Hybrid,In Progress,55.0,0.0,No,High,0.4,Sarah Brown,12.0,Project AO,Active,4.4,Hands-on,Backend Architect,1.0
E048,Tracy Moore,G6,Data Science,Kansas City,Kafka,Flink,TM027,Data Pipeline Engineering,Data Engineering,10-02-2025,10-04-2025,55.0,Hybrid,Completed,100.0,86.0,Yes,High,0.2,Amy Garcia,0.0,Project AS,Active,4.5,Hands-on,Stream Engineer,0.0
E049,Bella Swan,G6,QA,Oakland,Security,OWASP,TM020,Cybersecurity Essentials,Security,01-01-2025,05-03-2025,60.0,Hybrid,Completed,100.0,85.0,Yes,Critical,0.25,Sarah Brown,0.0,Project BA,Active,4.3,Hands-on,Security Lead,0.0
E050,Faye Wong,G6,Engineering,Wichita,Clojure,ClojureScript,TM002,Python Programming Fundamentals,Programming,15-02-2025,30-03-2025,40.0,Hybrid,Completed,100.0,80.0,Yes,High,0.3,Amy Garcia,0.0,Project BE,Active,4.2,Reading,Functional Dev,0.0
E051,Nancy Drew,G6,Data Science,Santa Ana,MLflow,Kubeflow,TM030,Machine Learning with Python,Data Science,01-03-2025,25-04-2025,50.0,Hybrid,In Progress,75.0,0.0,No,Critical,0.25,Sarah Brown,10.0,Project BM,Active,4.6,Reading,MLOps Lead,1.0
E052,Vera Wang,G6,QA,Greensboro,Accessibility,WCAG,TM025,Agile Project Management,Management,10-01-2025,18-02-2025,35.0,Online,Completed,100.0,78.0,Yes,Medium,0.3,Jane Doe,0.0,Project BU,Active,4.1,Visual,A11y Specialist,0.0
E053,Zeus Olympian,G6,Engineering,Orlando,WebRTC,Socket.io,TM009,Full Stack Web Development,Development,20-02-2025,15-04-2025,50.0,Hybrid,Completed,100.0,84.0,Yes,High,0.2,Sarah Brown,0.0,Project BY,Active,4.4,Hands-on,Real-time Dev,0.0
E054,Hermione Granger,G6,Data Science,Chandler,Jupyter,Colab,TM004,Machine Learning with Python,Data Science,01-01-2025,28-03-2025,80.0,Hybrid,Completed,100.0,91.0,Yes,Critical,0.15,Jane Doe,0.0,Project CG,Active,4.8,Reading,Research Scientist,0.0
E055,Lara Croft,G6,Engineering,Lubbock,Unity,Unreal,TM008,Full Stack Web Development,Development,15-03-2025,18-04-2025,30.0,Online,In Progress,60.0,0.0,No,Medium,0.4,Sarah Brown,15.0,Project CK,Active,4.3,Hands-on,Game Dev,1.0
E056,Tony Stark,G6,Engineering,Des Moines,AI,OpenAI,TM030,Machine Learning with Python,Data Science,01-02-2025,28-03-2025,50.0,Hybrid,Completed,100.0,95.0,Yes,Critical,0.1,Jane Doe,0.0,Project CS,Active,4.9,Hands-on,AI Architect,0.0
E057,Bruce Wayne,G6,Data Science,Modesto,Time Series,Prophet,TM003,Machine Learning with Python,Data Science,10-01-2025,15-03-2025,60.0,Hybrid,Completed,100.0,87.0,Yes,Critical,0.2,Amy Garcia,0.0,Project DA,Active,4.5,Reading,Forecasting Lead,0.0
E058,Rosa Parks,G6,Engineering,Lexington,Microservices,gRPC,TM042,Software Architecture Design,Architecture,01-03-2025,18-05-2025,70.0,Hybrid,In Progress,50.0,0.0,No,Critical,0.35,Amy Garcia,10.0,Project BQ,Active,4.6,Reading,Architect,1.0
E059,Bob Builder,G4,Engineering,Newark,Next.js,React,TM007,Full Stack Web Development,Development,15-02-2025,05-04-2025,45.0,Online,Completed,100.0,79.0,Yes,High,0.25,Nancy Kim,0.0,Project CA,Active,4.0,Visual,Full Stack Dev,0.0
E060,Holly Berry,G4,Engineering,New Orleans,Svelte,SvelteKit,TM008,Full Stack Web Development,Development,01-01-2025,05-02-2025,30.0,Online,Completed,100.0,77.0,Yes,High,0.3,Julia Adams,0.0,Project BG,Active,3.8,Visual,UI Developer,0.0
E061,Luna Lovegood,G4,QA,Aurora,Playwright,Puppeteer,TM023,Automated Testing with Selenium,Testing,20-02-2025,30-03-2025,35.0,Hybrid,Completed,100.0,82.0,Yes,High,0.25,Lisa Chen,0.0,Project BK,Active,3.9,Hands-on,E2E Tester,0.0
E062,Tina Turner,G4,IT Support,Henderson,PagerDuty,OpsGenie,TM011,AWS Cloud Practitioner,Cloud,01-03-2025,15-04-2025,40.0,Online,In Progress,70.0,0.0,No,Critical,0.4,Julia Adams,15.0,Project BS,Bench,3.7,Visual,On-call Eng,1.0
E063,Felicity Smoak,G4,QA,Chula Vista,SoapUI,REST Assured,TM024,Automated Testing with Selenium,Testing,10-01-2025,02-02-2025,20.0,Online,Completed,100.0,83.0,Yes,High,0.2,Julia Adams,0.0,Project CE,Active,4.0,Hands-on,API Tester,0.0
E064,Natasha Romanoff,G4,IT Support,Glendale,Cloudflare,Fastly,TM019,Cybersecurity Essentials,Security,15-02-2025,30-03-2025,40.0,Online,In Progress,65.0,0.0,No,Critical,0.45,Nancy Kim,18.0,Project CM,Bench,3.8,Reading,CDN Specialist,1.0
E065,Robin Hood,G4,Data Science,Boise,Neo4j,Graph,TM005,Data Analysis and Visualization,Analytics,01-01-2025,30-01-2025,25.0,Online,Completed,100.0,80.0,Yes,High,0.3,Julia Adams,0.0,Project CQ,Active,3.9,Hands-on,Graph Analyst,0.0
E066,Xavier Charles,G6,IT Support,Rochester,Kubernetes,Helm,TM037,DevOps and CI/CD Pipeline,DevOps,10-02-2025,20-03-2025,35.0,Hybrid,Completed,100.0,85.0,Yes,Critical,0.2,Sarah Brown,0.0,Project CW,Active,4.4,Hands-on,K8s Admin,0.0
E067,Diana Ross,G4,Engineering,Scottsdale,Remix,Qwik,TM007,Full Stack Web Development,Development,01-03-2025,20-04-2025,45.0,Online,In Progress,55.0,0.0,No,High,0.4,Julia Adams,15.0,Project DC,Bench,3.7,Visual,Web Framework Dev,1.0
E068,Harry Potter,G4,IT Support,Moreno Valley,GitHub Actions,GitLab CI,TM035,DevOps and CI/CD Pipeline,DevOps,15-01-2025,02-02-2025,15.0,Online,Completed,100.0,86.0,Yes,High,0.2,Lisa Chen,0.0,Project DG,Active,4.0,Hands-on,CI CD Admin,0.0
E069,Wendy Liu,G3,QA,Philadelphia,TestNG,JUnit,TM001,Python Programming Fundamentals,Programming,01-02-2025,08-03-2025,30.0,Online,Completed,100.0,75.0,Yes,High,0.35,Ryan Martinez,12.0,Project V,Bench,3.5,Visual,Test Engineer,1.0
E070,James Wilson,G4,IT Support,Nashville,Cisco,Juniper,TM036,Linux System Administration,Infrastructure,20-02-2025,05-04-2025,40.0,Hybrid,Completed,100.0,80.0,Yes,High,0.25,Julia Adams,0.0,Project AI,Active,3.9,Hands-on,Network Eng,0.0
E071,Olivia Davis,G5,IT Support,Albuquerque,AWS,Lambda,TM012,AWS Cloud Practitioner,Cloud,01-01-2025,05-03-2025,60.0,Hybrid,Completed,100.0,84.0,Yes,Critical,0.2,Mike Wilson,0.0,Project AN,Active,4.2,Reading,Cloud Admin,0.0
E072,Victoria Hill,G4,Engineering,Virginia Beach,CSharp,NET Core,TM022,Backend API Development,Backend,15-02-2025,10-04-2025,50.0,Hybrid,In Progress,60.0,0.0,No,High,0.4,Julia Adams,15.0,Project AU,Active,3.8,Hands-on,Software Eng,1.0
E073,Zoe Roberts,G4,IT Support,Raleigh,ServiceNow,ITSM,TM015,Agile Project Management,Management,01-03-2025,25-03-2025,20.0,Online,Completed,100.0,78.0,Yes,Medium,0.3,Lisa Chen,0.0,Project AY,Active,3.9,Reading,ITSM Specialist,0.0
E074,Charlie Chaplin,G5,Data Science,Toledo,Scikit-learn,XGBoost,TM004,Machine Learning with Python,Data Science,10-01-2025,05-04-2025,80.0,Hybrid,In Progress,85.0,0.0,No,Critical,0.25,Chris Lee,8.0,Project CB,Active,4.3,Hands-on,ML Developer,1.0
E075,Gordon Ramsay,G5,Engineering,Orlando,Nginx,HAProxy,TM013,DevOps and CI/CD Pipeline,DevOps,01-02-2025,08-03-2025,30.0,Hybrid,Completed,100.0,82.0,Yes,High,0.2,John Smith,0.0,Project CF,Active,4.1,Hands-on,Infra Eng,0.0
E076,Indiana Jones,G3,IT Support,Laredo,Active Directory,LDAP,TM019,Cybersecurity Essentials,Security,15-03-2025,28-04-2025,40.0,Online,Not Started,0.0,0.0,No,Critical,0.55,Mark Taylor,22.0,Project CH,Bench,3.4,Reading,Directory Admin,1.0
E077,Kevin Hart,G5,QA,Durham,Allure,ReportPortal,TM015,Agile Project Management,Management,01-01-2025,25-01-2025,20.0,Online,Completed,100.0,77.0,Yes,Medium,0.25,Mike Wilson,0.0,Project CJ,Active,4.0,Visual,Test Reporter,0.0
E078,Mario Bros,G3,Data Science,Gilbert,Plotly,Dash,TM017,Data Analysis and Visualization,Analytics,10-02-2025,15-03-2025,30.0,Online,Completed,100.0,79.0,Yes,High,0.3,Tom Davis,0.0,Project CL,Active,3.6,Visual,Visualization Dev,0.0
E079,Oliver Queen,G5,Engineering,North Las Vegas,FastAPI,Starlette,TM002,Python Programming Fundamentals,Programming,01-01-2025,15-02-2025,40.0,Hybrid,Completed,100.0,85.0,Yes,High,0.2,Chris Lee,0.0,Project CN,Active,4.2,Hands-on,Python Backend,0.0
E080,Queen Elizabeth,G3,Engineering,Brownsville,WordPress,Drupal,TM008,Full Stack Web Development,Development,20-02-2025,25-03-2025,30.0,Online,Completed,100.0,74.0,Yes,High,0.4,Ryan Martinez,15.0,Project CP,Bench,3.5,Visual,CMS Developer,1.0
E081,Sherlock Holmes,G5,IT Support,Spokane,Datadog,New Relic,TM011,AWS Cloud Practitioner,Cloud,01-03-2025,15-04-2025,40.0,Online,In Progress,70.0,0.0,No,Critical,0.35,John Smith,12.0,Project CR,Active,4.1,Reading,APM Specialist,1.0
E082,Uma Thurman,G3,QA,San Bernardino,Manual,Exploratory,TM024,Automated Testing with Selenium,Testing,10-01-2025,02-02-2025,20.0,Online,Completed,100.0,76.0,Yes,High,0.35,Mark Taylor,0.0,Project CT,Active,3.4,Visual,Manual Tester,0.0
E083,Wanda Vision,G5,Data Science,Salt Lake City,Computer Vision,OpenCV,TM004,Machine Learning with Python,Data Science,15-02-2025,10-05-2025,80.0,Hybrid,In Progress,70.0,0.0,No,Critical,0.3,Mike Wilson,10.0,Project CV,Active,4.4,Hands-on,CV Engineer,1.0
E084,Yoda Master,G3,Engineering,Shreveport,Lisp,Scheme,TM021,Backend API Development,Backend,01-03-2025,15-04-2025,40.0,Online,In Progress,45.0,0.0,No,High,0.5,Tom Davis,18.0,Project CX,Bench,3.3,Reading,Legacy Dev,1.0
E085,Arthur King,G5,Engineering,Tacoma,Perl,CGI,TM001,Python Programming Fundamentals,Programming,10-01-2025,15-02-2025,30.0,Online,Completed,100.0,80.0,Yes,High,0.25,Chris Lee,0.0,Project CZ,Active,4.0,Hands-on,Script Dev,0.0
E086,Clark Kent,G3,IT Support,Hialeah,Ansible,Tower,TM036,Linux System Administration,Infrastructure,20-02-2025,05-04-2025,40.0,Hybrid,In Progress,60.0,0.0,No,High,0.45,Ryan Martinez,15.0,Project DB,Bench,3.5,Hands-on,Config Mgmt,1.0
E087,Edward Norton,G5,QA,Fontana,Contract,Pact,TM023,Automated Testing with Selenium,Testing,01-01-2025,10-02-2025,35.0,Hybrid,Completed,100.0,81.0,Yes,High,0.2,John Smith,0.0,Project DD,Active,4.1,Hands-on,Contract Tester,0.0
E088,Grace Kelly,G3,Data Science,Glendale,Statistical,Bayesian,TM010,Data Analysis and Visualization,Analytics,15-02-2025,25-03-2025,35.0,Online,Completed,100.0,83.0,Yes,High,0.3,Mark Taylor,0.0,Project DF,Active,3.7,Reading,Statistician,0.0
E089,Xena Warrior,G6,Engineering,Colorado Springs,Haskell,PureScript,TM002,Python Programming Fundamentals,Programming,01-02-2025,18-03-2025,40.0,Hybrid,Completed,100.0,82.0,Yes,High,0.25,Jane Doe,0.0,Project AW,Active,4.5,Reading,FP Developer,0.0
E090,Diana Prince,G4,Data Science,Tulsa,Snowflake,Redshift,TM006,Data Analysis and Visualization,Analytics,10-03-2025,18-04-2025,35.0,Hybrid,In Progress,55.0,0.0,No,High,0.4,Nancy Kim,15.0,Project BC,Active,3.9,Hands-on,Data Warehouse,1.0
E091,Julia Roberts,G6,IT Support,Tampa,Okta,Auth0,TM020,Cybersecurity Essentials,Security,01-01-2025,08-03-2025,60.0,Hybrid,Completed,100.0,84.0,Yes,Critical,0.2,Jane Doe,0.0,Project BI,Active,4.3,Reading,IAM Specialist,0.0
E092,Priya Sharma,G4,Engineering,Riverside,Blazor,MAUI,TM007,Full Stack Web Development,Development,15-02-2025,05-04-2025,45.0,Online,In Progress,70.0,0.0,No,High,0.35,Nancy Kim,12.0,Project BO,Active,3.8,Visual,NET Frontend,1.0
E093,Xander Cage,G4,Data Science,Lincoln,H2O,AutoML,TM003,Machine Learning with Python,Data Science,01-03-2025,05-05-2025,60.0,Hybrid,In Progress,40.0,0.0,No,Critical,0.5,Lisa Chen,18.0,Project BW,Bench,3.7,Hands-on,ML Engineer,1.0
E094,Daisy Duke,G6,IT Support,Fort Wayne,Puppet,Chef,TM037,DevOps and CI/CD Pipeline,DevOps,10-01-2025,18-02-2025,35.0,Hybrid,Completed,100.0,83.0,Yes,Critical,0.25,Amy Garcia,0.0,Project CC,Active,4.2,Hands-on,Config Mgmt Lead,0.0
E095,Jessica Jones,G4,Engineering,Madison,Webpack,Vite,TM008,Full Stack Web Development,Development,20-02-2025,25-03-2025,30.0,Online,Completed,100.0,78.0,Yes,High,0.3,Lisa Chen,0.0,Project CI,Active,3.9,Visual,Build Eng,0.0
E096,Peter Parker,G6,QA,Paradise,Chaos,Resilience,TM020,Cybersecurity Essentials,Security,01-02-2025,08-04-2025,60.0,Hybrid,Completed,100.0,87.0,Yes,Critical,0.2,Amy Garcia,0.0,Project CO,Active,4.4,Hands-on,SRE Tester,0.0
E097,Vader Darth,G4,Engineering,Birmingham,Electron,Tauri,TM007,Full Stack Web Development,Development,15-03-2025,05-05-2025,45.0,Online,Not Started,0.0,0.0,No,High,0.5,Lisa Chen,20.0,Project CU,Bench,3.6,Visual,Desktop Dev,1.0
E098,Zorro Mask,G4,QA,Baton Rouge,Performance,Metrics,TM024,Automated Testing with Selenium,Testing,01-02-2025,25-02-2025,20.0,Online,Completed,100.0,80.0,Yes,High,0.25,Nancy Kim,0.0,Project CY,Active,3.8,Hands-on,Perf Analyst,0.0
E099,Frank Castle,G6,Engineering,Fremont,Observability,OpenTelemetry,TM014,DevOps and CI/CD Pipeline,DevOps,10-01-2025,05-03-2025,50.0,Hybrid,Completed,100.0,89.0,Yes,Critical,0.15,Jane Doe,0.0,Project DE,Active,4.6,Hands-on,SRE Engineer,0.0
E100,Alice Wonderland,G3,QA,Irvine,Mocha,Chai,TM001,Python Programming Fundamentals,Programming,20-02-2025,25-03-2025,30.0,Online,Completed,100.0,76.0,Yes,High,0.35,Tom Davis,0.0,Project BZ,Active,3.5,Visual,JS Tester,0.0
,,,,,,,,,,,,,,,,,,,,,,,,,,,
,,,,,,,,,,,,,,,,,,,,,,,,,,,
E101,Employee_101,G7,Engineering,Boston,Linux,Kubernetes,TM039,DevOps and CI/CD Pipeline,DevOps,15-01-2025,28-02-2025,40.0,Online,Completed,80.0,73.0,Yes,Medium,0.14,Jane Doe,10.0,Project_2,Active,3.3,Visual,Tech Lead,0.0
E102,Employee_102,G9,Engineering,SF,Java,Spring,TM028,Full Stack Web Development,Development,15-01-2025,28-02-2025,60.0,Hybrid,Completed,99.0,88.0,Yes,Low,0.43,John Smith,15.0,Project_7,Active,3.1,Hands-on,Data Scientist,0.0
E103,Employee_103,G10,Engineering,SF,Python,React,TM020,Backend API Development,Backend,15-01-2025,28-02-2025,60.0,Online,Completed,81.0,84.0,Yes,High,0.23,Jane Doe,10.0,Project_6,Active,4.0,Hands-on,Architect,1.0
E104,Employee_104,G2,Engineering,Austin,SQL,TensorFlow,TM040,Data Pipeline Engineering,Data Engineering,15-01-2025,28-02-2025,30.0,Hybrid,In Progress,84.0,94.0,Yes,Medium,0.2,Mike Wilson,0.0,Project_65,Active,3.8,Hands-on,Data Scientist,0.0
E105,Employee_105,G3,Engineering,NY,Java,Spring,TM005,Full Stack Web Development,Development,15-01-2025,28-02-2025,40.0,Online,Completed,97.0,77.0,Yes,High,0.36,Jane Doe,20.0,Project_37,Active,4.1,Reading,Architect,0.0
E106,Employee_106,G5,QA,SF,Selenium,Cypress,TM014,Automated Testing with Selenium,Testing,15-01-2025,28-02-2025,50.0,Online,Completed,84.0,0.0,Yes,High,0.73,John Smith,20.0,Project_96,Active,3.3,Reading,Senior Developer,0.0
E107,Employee_107,G4,Data Science,SF,SQL,NumPy,TM045,Data Analysis and Visualization,Analytics,15-01-2025,28-02-2025,40.0,Online,Completed,97.0,81.0,Yes,Low,0.33,Mike Wilson,20.0,Project_89,Active,3.2,Hands-on,Architect,0.0
E108,Employee_108,G4,Engineering,Seattle,Java,Spring,TM009,Backend API Development,Backend,15-01-2025,28-02-2025,40.0,Online,Completed,79.0,84.0,Yes,High,0.49,John Smith,10.0,Project_58,Bench,3.5,Visual,Architect,0.0
E109,Employee_109,G1,Engineering,SF,JavaScript,Git,TM002,Cybersecurity Essentials,Security,15-01-2025,28-02-2025,60.0,Hybrid,Completed,70.0,71.0,Yes,High,0.49,Mike Wilson,20.0,Project_55,Bench,3.4,Reading,Tech Lead,0.0
E110,Employee_110,G4,Data Science,NY,R,TensorFlow,TM009,Machine Learning with Python,Data Science,15-01-2025,28-02-2025,60.0,Online,Completed,98.0,73.0,Yes,Medium,0.26,Mike Wilson,20.0,Project_33,Active,3.9,Hands-on,Architect,0.0
E111,Employee_111,G9,Engineering,Seattle,SQL,NumPy,TM007,Machine Learning with Python,Data Science,15-01-2025,28-02-2025,60.0,Hybrid,In Progress,94.0,86.0,Yes,High,0.73,John Smith,20.0,Project_9,Active,4.3,Reading,Data Scientist,1.0
E112,Employee_112,G8,Engineering,Austin,Java,React,TM038,Full Stack Web Development,Development,15-01-2025,28-02-2025,60.0,Hybrid,Completed,85.0,0.0,No,High,0.21,Jane Doe,10.0,Project_54,Active,4.8,Hands-on,Data Scientist,0.0
E113,Employee_113,G5,IT Support,NY,Linux,Shell,TM033,DevOps and CI/CD Pipeline,DevOps,15-01-2025,28-02-2025,60.0,Hybrid,Completed,91.0,0.0,Yes,Low,0.38,Jane Doe,20.0,Project_27,Active,3.6,Hands-on,Data Scientist,0.0
E114,Employee_114,G1,QA,Austin,Python,Docker,TM035,Python Programming Fundamentals,Programming,15-01-2025,28-02-2025,60.0,Online,Completed,81.0,83.0,No,High,0.11,John Smith,0.0,Project_46,Bench,4.7,Hands-on,Data Scientist,0.0
E115,Employee_115,G5,Data Science,NY,R,NumPy,TM042,Data Analysis and Visualization,Analytics,15-01-2025,28-02-2025,50.0,Hybrid,Completed,77.0,0.0,Yes,Medium,0.35,Mike Wilson,15.0,Project_2,Active,4.5,Hands-on,Architect,1.0
E116,Employee_116,G7,Engineering,NY,R,NumPy,TM024,Data Pipeline Engineering,Data Engineering,15-01-2025,28-02-2025,30.0,Hybrid,Completed,94.0,89.0,No,Medium,0.66,Mike Wilson,15.0,Project_15,Active,3.2,Reading,Architect,0.0
E117,Employee_117,G9,Data Science,SF,Python,NumPy,TM022,Data Pipeline Engineering,Data Engineering,15-01-2025,28-02-2025,30.0,Hybrid,Completed,84.0,74.0,Yes,Medium,0.25,John Smith,15.0,Project_68,Bench,3.3,Visual,Architect,0.0
E118,Employee_118,G8,IT Support,Seattle,Docker,Terraform,TM017,DevOps and CI/CD Pipeline,DevOps,15-01-2025,28-02-2025,60.0,Online,Completed,95.0,0.0,Yes,Low,0.69,John Smith,20.0,Project_1,Active,3.3,Visual,Data Scientist,0.0
E119,Employee_119,G9,Engineering,Boston,Python,Git,TM039,Cybersecurity Essentials,Security,15-01-2025,28-02-2025,60.0,Online,Completed,98.0,81.0,Yes,High,0.18,John Smith,10.0,Project_92,Active,3.1,Visual,Tech Lead,1.0
E120,Employee_120,G10,Data Science,Boston,R,Pandas,TM023,Data Pipeline Engineering,Data Engineering,15-01-2025,28-02-2025,40.0,Hybrid,In Progress,73.0,0.0,Yes,Medium,0.45,John Smith,20.0,Project_69,Active,4.1,Reading,Tech Lead,0.0
E121,Employee_121,G4,QA,Austin,Java,Docker,TM033,Cybersecurity Essentials,Security,15-01-2025,28-02-2025,30.0,Online,Completed,74.0,70.0,No,Low,0.24,John Smith,20.0,Project_95,Active,3.1,Visual,Architect,0.0
E122,Employee_122,G10,Engineering,SF,Java,SQL,TM034,Cybersecurity Essentials,Security,15-01-2025,28-02-2025,50.0,Online,Completed,95.0,82.0,No,High,0.39,John Smith,0.0,Project_36,Active,4.4,Reading,Senior Developer,1.0
E123,Employee_123,G4,Data Science,Boston,R,NumPy,TM012,Machine Learning with Python,Data Science,15-01-2025,28-02-2025,30.0,Online,In Progress,94.0,0.0,Yes,Medium,0.45,John Smith,10.0,Project_13,Bench,3.7,Hands-on,Senior Developer,1.0
E124,Employee_124,G9,Engineering,SF,R,TensorFlow,TM047,Data Analysis and Visualization,Analytics,15-01-2025,28-02-2025,60.0,Online,Completed,81.0,90.0,No,Medium,0.65,John Smith,0.0,Project_42,Bench,4.8,Visual,Senior Developer,1.0
E125,Employee_125,G2,Engineering,Boston,Docker,Kubernetes,TM038,Linux System Administration,Infrastructure,15-01-2025,28-02-2025,50.0,Hybrid,In Progress,79.0,71.0,Yes,High,0.79,John Smith,0.0,Project_86,Bench,4.7,Hands-on,Senior Developer,1.0
E126,Employee_126,G6,IT Support,Seattle,AWS,Terraform,TM010,Linux System Administration,Infrastructure,15-01-2025,28-02-2025,40.0,Online,Completed,72.0,0.0,Yes,Medium,0.62,John Smith,15.0,Project_39,Active,4.1,Visual,Senior Developer,0.0
E127,Employee_127,G1,Engineering,Boston,JavaScript,Node.js,TM006,Backend API Development,Backend,15-01-2025,28-02-2025,40.0,Hybrid,In Progress,82.0,0.0,No,Medium,0.8,John Smith,20.0,Project_99,Active,3.1,Reading,Senior Developer,0.0
E128,Employee_128,G1,Data Science,NY,Java,Docker,TM011,Python Programming Fundamentals,Programming,15-01-2025,28-02-2025,60.0,Hybrid,In Progress,77.0,93.0,No,High,0.23,Jane Doe,20.0,Project_58,Active,3.5,Hands-on,Senior Developer,0.0
E129,Employee_129,G6,Engineering,Boston,JavaScript,React,TM020,Full Stack Web Development,Development,15-01-2025,28-02-2025,30.0,Hybrid,Completed,82.0,75.0,No,Medium,0.53,Jane Doe,10.0,Project_56,Bench,4.0,Hands-on,Architect,0.0
E130,Employee_130,G6,Engineering,NY,Python,Spring,TM011,Full Stack Web Development,Development,15-01-2025,28-02-2025,30.0,Hybrid,Completed,91.0,86.0,No,High,0.39,John Smith,0.0,Project_55,Bench,4.5,Reading,Senior Developer,1.0
E131,Employee_131,G5,Engineering,SF,Python,NumPy,TM019,Data Analysis and Visualization,Analytics,15-01-2025,28-02-2025,30.0,Online,Completed,83.0,0.0,Yes,High,0.71,Jane Doe,20.0,Project_95,Active,4.2,Visual,Tech Lead,1.0
E132,Employee_132,G2,Engineering,Seattle,AWS,Terraform,TM017,Linux System Administration,Infrastructure,15-01-2025,28-02-2025,60.0,Online,Completed,84.0,83.0,No,High,0.2,Jane Doe,10.0,Project_50,Active,3.7,Reading,Architect,1.0
E133,Employee_133,G4,Engineering,Austin,Python,React,TM030,Backend API Development,Backend,15-01-2025,28-02-2025,50.0,Hybrid,In Progress,74.0,79.0,No,High,0.28,John Smith,10.0,Project_6,Active,3.6,Reading,Architect,0.0
E134,Employee_134,G3,Engineering,Seattle,Java,Spring,TM016,Backend API Development,Backend,15-01-2025,28-02-2025,60.0,Hybrid,Completed,93.0,72.0,Yes,Low,0.52,Mike Wilson,15.0,Project_21,Active,3.5,Hands-on,Tech Lead,0.0
E135,Employee_135,G1,Engineering,SF,Java,SQL,TM049,Python Programming Fundamentals,Programming,15-01-2025,28-02-2025,40.0,Hybrid,Completed,78.0,0.0,Yes,Medium,0.46,Mike Wilson,15.0,Project_48,Active,3.5,Hands-on,Data Scientist,1.0
E136,Employee_136,G4,Data Science,Austin,Java,SQL,TM023,Cybersecurity Essentials,Security,15-01-2025,28-02-2025,40.0,Hybrid,In Progress,95.0,0.0,Yes,Medium,0.73,Jane Doe,15.0,Project_18,Active,4.0,Reading,Data Scientist,0.0
E137,Employee_137,G5,IT Support,SF,AWS,Kubernetes,TM044,Linux System Administration,Infrastructure,15-01-2025,28-02-2025,30.0,Online,Completed,94.0,72.0,No,High,0.51,Jane Doe,10.0,Project_8,Active,4.0,Visual,Senior Developer,0.0
E138,Employee_138,G4,Data Science,Boston,R,TensorFlow,TM006,Data Pipeline Engineering,Data Engineering,15-01-2025,28-02-2025,30.0,Online,Completed,91.0,0.0,Yes,High,0.7,Jane Doe,10.0,Project_94,Active,4.6,Reading,Architect,0.0
E139,Employee_139,G8,QA,SF,JavaScript,SQL,TM020,Python Programming Fundamentals,Programming,15-01-2025,28-02-2025,60.0,Online,In Progress,75.0,93.0,No,Low,0.6,Mike Wilson,20.0,Project_26,Active,4.4,Visual,Tech Lead,0.0
E140,Employee_140,G3,IT Support,NY,AWS,Shell,TM026,DevOps and CI/CD Pipeline,DevOps,15-01-2025,28-02-2025,40.0,Hybrid,Completed,99.0,0.0,Yes,Medium,0.14,Jane Doe,20.0,Project_10,Active,4.0,Visual,Senior Developer,0.0
E141,Employee_141,G4,Engineering,NY,Java,React,TM017,Full Stack Web Development,Development,15-01-2025,28-02-2025,30.0,Online,Completed,75.0,86.0,No,Medium,0.39,John Smith,20.0,Project_75,Bench,3.3,Reading,Senior Developer,1.0
E142,Employee_142,G6,Engineering,Boston,Linux,Kubernetes,TM014,Linux System Administration,Infrastructure,15-01-2025,28-02-2025,60.0,Hybrid,In Progress,74.0,83.0,Yes,High,0.71,John Smith,10.0,Project_40,Active,4.3,Reading,Senior Developer,0.0
E143,Employee_143,G7,Engineering,NY,JavaScript,React,TM047,Full Stack Web Development,Development,15-01-2025,28-02-2025,50.0,Hybrid,Completed,77.0,0.0,Yes,High,0.33,Mike Wilson,20.0,Project_42,Active,4.4,Hands-on,Senior Developer,0.0
E144,Employee_144,G7,QA,NY,Python,SQL,TM033,Software Architecture Design,Architecture,15-01-2025,28-02-2025,30.0,Online,In Progress,70.0,0.0,Yes,Medium,0.71,John Smith,10.0,Project_38,Active,3.7,Hands-on,Data Scientist,0.0
E145,Employee_145,G8,Engineering,SF,JavaScript,Git,TM027,Python Programming Fundamentals,Programming,15-01-2025,28-02-2025,50.0,Online,Completed,73.0,74.0,No,Low,0.34,Jane Doe,20.0,Project_23,Active,4.7,Visual,Senior Developer,0.0
E146,Employee_146,G2,Engineering,Austin,JavaScript,Spring,TM043,Backend API Development,Backend,15-01-2025,28-02-2025,60.0,Hybrid,Completed,73.0,74.0,No,High,0.5,Jane Doe,0.0,Project_51,Active,4.7,Visual,Architect,0.0
E147,Employee_147,G5,Data Science,NY,Java,SQL,TM001,Python Programming Fundamentals,Programming,15-01-2025,28-02-2025,50.0,Hybrid,Completed,77.0,84.0,Yes,High,0.66,John Smith,10.0,Project_41,Active,3.7,Visual,Architect,1.0
E148,Employee_148,G7,Data Science,Seattle,R,Pandas,TM044,Machine Learning with Python,Data Science,15-01-2025,28-02-2025,50.0,Online,Completed,94.0,75.0,Yes,High,0.65,Mike Wilson,10.0,Project_26,Active,4.2,Reading,Senior Developer,1.0
E149,Employee_149,G1,IT Support,NY,Linux,Kubernetes,TM007,DevOps and CI/CD Pipeline,DevOps,15-01-2025,28-02-2025,30.0,Hybrid,Completed,92.0,93.0,No,High,0.23,John Smith,0.0,Project_30,Bench,4.1,Hands-on,Tech Lead,1.0
E150,Employee_150,G2,Data Science,Seattle,Python,NumPy,TM004,Machine Learning with Python,Data Science,15-01-2025,28-02-2025,30.0,Hybrid,In Progress,76.0,79.0,Yes,Medium,0.39,Mike Wilson,15.0,Project_92,Bench,4.6,Hands-on,Senior Developer,0.0
E151,Employee_151,G8,Data Science,NY,Python,NumPy,TM047,Data Analysis and Visualization,Analytics,15-01-2025,28-02-2025,30.0,Online,In Progress,97.0,0.0,Yes,High,0.61,Jane Doe,15.0,Project_16,Active,4.2,Hands-on,Tech Lead,0.0
E152,Employee_152,G2,Data Science,Boston,Python,TensorFlow,TM019,Data Analysis and Visualization,Analytics,15-01-2025,28-02-2025,60.0,Online,In Progress,98.0,71.0,No,Medium,0.34,Mike Wilson,10.0,Project_67,Active,3.5,Hands-on,Senior Developer,0.0
E153,Employee_153,G9,Engineering,Austin,R,NumPy,TM024,Machine Learning with Python,Data Science,15-01-2025,28-02-2025,30.0,Hybrid,Completed,96.0,86.0,Yes,Medium,0.62,Jane Doe,0.0,Project_25,Active,3.3,Reading,Tech Lead,1.0
E154,Employee_154,G10,Data Science,SF,R,NumPy,TM021,Machine Learning with Python,Data Science,15-01-2025,28-02-2025,40.0,Hybrid,Completed,71.0,94.0,Yes,Medium,0.17,Jane Doe,0.0,Project_27,Bench,4.6,Visual,Data Scientist,0.0
E155,Employee_155,G5,Data Science,Boston,Python,NumPy,TM028,Data Analysis and Visualization,Analytics,15-01-2025,28-02-2025,40.0,Hybrid,Completed,71.0,0.0,No,High,0.52,Jane Doe,0.0,Project_21,Bench,3.8,Hands-on,Architect,0.0
E156,Employee_156,G3,IT Support,Boston,Linux,Terraform,TM033,AWS Cloud Practitioner,Cloud,15-01-2025,28-02-2025,40.0,Hybrid,Completed,88.0,80.0,No,Low,0.21,John Smith,10.0,Project_66,Active,3.1,Hands-on,Senior Developer,0.0
E157,Employee_157,G8,Data Science,SF,R,TensorFlow,TM037,Data Pipeline Engineering,Data Engineering,15-01-2025,28-02-2025,60.0,Hybrid,In Progress,75.0,88.0,Yes,Low,0.77,John Smith,10.0,Project_57,Active,3.3,Visual,Data Scientist,1.0
E158,Employee_158,G8,Engineering,NY,JavaScript,Git,TM018,Python Programming Fundamentals,Programming,15-01-2025,28-02-2025,30.0,Hybrid,Completed,95.0,0.0,No,High,0.51,John Smith,15.0,Project_26,Active,4.6,Visual,Architect,0.0
E159,Employee_159,G9,QA,Boston,Postman,TestNG,TM018,Automated Testing with Selenium,Testing,15-01-2025,28-02-2025,50.0,Hybrid,Completed,72.0,79.0,No,Medium,0.36,John Smith,10.0,Project_3,Active,3.6,Reading,Architect,0.0
E160,Employee_160,G8,Engineering,NY,JavaScript,Node.js,TM013,Full Stack Web Development,Development,15-01-2025,28-02-2025,40.0,Online,In Progress,79.0,71.0,Yes,Low,0.11,Mike Wilson,0.0,Project_13,Active,4.7,Reading,Architect,0.0
E161,Employee_161,G1,QA,NY,Python,Docker,TM010,Python Programming Fundamentals,Programming,15-01-2025,28-02-2025,40.0,Online,Completed,89.0,86.0,Yes,High,0.3,Jane Doe,10.0,Project_37,Active,3.0,Visual,Architect,0.0
E162,Employee_162,G1,Engineering,Boston,Java,Node.js,TM037,Backend API Development,Backend,15-01-2025,28-02-2025,50.0,Hybrid,Completed,93.0,93.0,Yes,Medium,0.22,Mike Wilson,20.0,Project_20,Bench,3.4,Reading,Senior Developer,0.0
E163,Employee_163,G2,Engineering,NY,Python,React,TM003,Backend API Development,Backend,15-01-2025,28-02-2025,60.0,Hybrid,In Progress,91.0,86.0,Yes,Medium,0.47,Mike Wilson,10.0,Project_35,Bench,4.3,Reading,Data Scientist,0.0
E164,Employee_164,G8,Engineering,Boston,JavaScript,Node.js,TM034,Backend API Development,Backend,15-01-2025,28-02-2025,50.0,Online,Completed,96.0,0.0,No,Low,0.7,John Smith,15.0,Project_40,Bench,4.3,Visual,Data Scientist,0.0
E165,Employee_165,G6,IT Support,SF,Python,SQL,TM006,Cybersecurity Essentials,Security,15-01-2025,28-02-2025,30.0,Hybrid,Completed,97.0,0.0,No,High,0.44,John Smith,15.0,Project_58,Active,4.2,Reading,Senior Developer,0.0
E166,Employee_166,G6,IT Support,Seattle,Python,Docker,TM048,Cybersecurity Essentials,Security,15-01-2025,28-02-2025,30.0,Online,In Progress,94.0,73.0,No,Medium,0.21,Mike Wilson,0.0,Project_58,Active,4.6,Visual,Tech Lead,1.0
E167,Employee_167,G5,Data Science,Boston,SQL,NumPy,TM029,Data Analysis and Visualization,Analytics,15-01-2025,28-02-2025,60.0,Online,Completed,82.0,86.0,Yes,High,0.36,John Smith,15.0,Project_70,Active,3.0,Hands-on,Data Scientist,1.0
E168,Employee_168,G5,Engineering,NY,Docker,Shell,TM012,AWS Cloud Practitioner,Cloud,15-01-2025,28-02-2025,40.0,Online,Completed,70.0,0.0,Yes,Low,0.79,Mike Wilson,0.0,Project_76,Active,3.2,Hands-on,Data Scientist,0.0
E169,Employee_169,G1,IT Support,SF,Linux,Shell,TM023,AWS Cloud Practitioner,Cloud,15-01-2025,28-02-2025,40.0,Hybrid,Completed,98.0,72.0,Yes,High,0.66,John Smith,15.0,Project_32,Active,4.2,Visual,Architect,0.0
E170,Employee_170,G1,IT Support,Boston,AWS,Kubernetes,TM020,Linux System Administration,Infrastructure,15-01-2025,28-02-2025,40.0,Online,Completed,72.0,75.0,Yes,High,0.12,John Smith,20.0,Project_12,Active,3.8,Reading,Data Scientist,0.0
E171,Employee_171,G9,Engineering,Seattle,JavaScript,React,TM046,Full Stack Web Development,Development,15-01-2025,28-02-2025,40.0,Hybrid,Completed,98.0,0.0,Yes,Low,0.53,Jane Doe,15.0,Project_25,Active,4.1,Visual,Data Scientist,0.0
E172,Employee_172,G9,IT Support,Boston,Linux,Terraform,TM002,AWS Cloud Practitioner,Cloud,15-01-2025,28-02-2025,60.0,Hybrid,Completed,82.0,0.0,Yes,Medium,0.38,Mike Wilson,15.0,Project_38,Active,4.3,Hands-on,Data Scientist,1.0
E173,Employee_173,G8,Data Science,NY,JavaScript,Git,TM012,Software Architecture Design,Architecture,15-01-2025,28-02-2025,30.0,Hybrid,Completed,85.0,89.0,Yes,Medium,0.76,John Smith,10.0,Project_97,Active,3.6,Hands-on,Senior Developer,0.0
E174,Employee_174,G6,Data Science,SF,R,NumPy,TM015,Data Analysis and Visualization,Analytics,15-01-2025,28-02-2025,40.0,Hybrid,Completed,86.0,72.0,No,Medium,0.53,Mike Wilson,20.0,Project_41,Active,4.6,Visual,Data Scientist,1.0
E175,Employee_175,G7,QA,SF,Java,SQL,TM003,Software Architecture Design,Architecture,15-01-2025,28-02-2025,50.0,Online,Completed,83.0,0.0,Yes,High,0.21,John Smith,15.0,Project_19,Bench,3.6,Hands-on,Architect,0.0
E176,Employee_176,G3,IT Support,Boston,Docker,Shell,TM032,Linux System Administration,Infrastructure,15-01-2025,28-02-2025,60.0,Online,Completed,97.0,0.0,No,High,0.12,John Smith,15.0,Project_76,Active,4.7,Visual,Senior Developer,1.0
E177,Employee_177,G5,Engineering,NY,Docker,Terraform,TM032,DevOps and CI/CD Pipeline,DevOps,15-01-2025,28-02-2025,30.0,Hybrid,Completed,71.0,71.0,Yes,Medium,0.56,Mike Wilson,15.0,Project_58,Bench,3.4,Hands-on,Tech Lead,0.0
E178,Employee_178,G1,QA,SF,Postman,JUnit,TM044,Automated Testing with Selenium,Testing,15-01-2025,28-02-2025,40.0,Hybrid,Completed,74.0,82.0,Yes,High,0.38,Jane Doe,20.0,Project_89,Active,3.2,Hands-on,Architect,0.0
E179,Employee_179,G2,QA,NY,Selenium,Cypress,TM040,Automated Testing with Selenium,Testing,15-01-2025,28-02-2025,60.0,Hybrid,Completed,92.0,80.0,No,High,0.33,John Smith,10.0,Project_76,Bench,3.8,Reading,Data Scientist,1.0
E180,Employee_180,G6,IT Support,Boston,Linux,Kubernetes,TM012,DevOps and CI/CD Pipeline,DevOps,15-01-2025,28-02-2025,30.0,Online,In Progress,81.0,84.0,No,High,0.18,Jane Doe,10.0,Project_2,Active,3.4,Visual,Senior Developer,0.0
E181,Employee_181,G3,IT Support,NY,Linux,Kubernetes,TM049,AWS Cloud Practitioner,Cloud,15-01-2025,28-02-2025,50.0,Hybrid,Completed,89.0,93.0,No,High,0.33,John Smith,0.0,Project_39,Active,3.9,Visual,Architect,0.0
E182,Employee_182,G4,Data Science,SF,Python,NumPy,TM008,Data Analysis and Visualization,Analytics,15-01-2025,28-02-2025,40.0,Online,Completed,77.0,0.0,Yes,Low,0.28,John Smith,15.0,Project_90,Active,3.0,Visual,Senior Developer,1.0
E183,Employee_183,G8,Engineering,Austin,Java,React,TM033,Full Stack Web Development,Development,15-01-2025,28-02-2025,30.0,Online,In Progress,83.0,74.0,Yes,High,0.21,Jane Doe,15.0,Project_73,Bench,4.8,Hands-on,Senior Developer,0.0
E184,Employee_184,G9,QA,Austin,Java,Git,TM038,Software Architecture Design,Architecture,15-01-2025,28-02-2025,50.0,Hybrid,In Progress,82.0,88.0,No,High,0.31,Mike Wilson,0.0,Project_85,Active,3.7,Reading,Architect,0.0
E185,Employee_185,G9,Engineering,Seattle,JavaScript,React,TM044,Full Stack Web Development,Development,15-01-2025,28-02-2025,40.0,Hybrid,Completed,77.0,79.0,No,Medium,0.48,Jane Doe,10.0,Project_28,Active,3.6,Hands-on,Tech Lead,0.0
E186,Employee_186,G4,QA,SF,JavaScript,SQL,TM044,Software Architecture Design,Architecture,15-01-2025,28-02-2025,50.0,Online,Completed,92.0,85.0,No,Low,0.27,Mike Wilson,15.0,Project_15,Active,3.9,Reading,Tech Lead,0.0
E187,Employee_187,G4,QA,Boston,Java,Docker,TM047,Python Programming Fundamentals,Programming,15-01-2025,28-02-2025,60.0,Online,Completed,79.0,87.0,Yes,Low,0.68,Jane Doe,15.0,Project_7,Active,3.3,Hands-on,Architect,1.0
E188,Employee_188,G8,Engineering,SF,Python,React,TM036,Full Stack Web Development,Development,15-01-2025,28-02-2025,60.0,Hybrid,Completed,91.0,93.0,Yes,High,0.1,Jane Doe,10.0,Project_21,Bench,3.4,Hands-on,Architect,0.0
E189,Employee_189,G10,Engineering,NY,JavaScript,Node.js,TM026,Backend API Development,Backend,15-01-2025,28-02-2025,50.0,Online,Completed,93.0,76.0,No,High,0.54,John Smith,15.0,Project_69,Active,4.3,Visual,Senior Developer,0.0
E190,Employee_190,G1,IT Support,Austin,Linux,Shell,TM007,AWS Cloud Practitioner,Cloud,15-01-2025,28-02-2025,60.0,Online,Completed,83.0,94.0,Yes,Low,0.2,John Smith,10.0,Project_67,Active,3.8,Hands-on,Senior Developer,0.0
E191,Employee_191,G8,Engineering,SF,Docker,Terraform,TM032,Linux System Administration,Infrastructure,15-01-2025,28-02-2025,50.0,Online,Completed,77.0,73.0,Yes,High,0.26,John Smith,15.0,Project_68,Active,4.5,Hands-on,Data Scientist,0.0
E192,Employee_192,G5,Data Science,Austin,Java,Docker,TM003,Cybersecurity Essentials,Security,15-01-2025,28-02-2025,40.0,Hybrid,Completed,81.0,86.0,No,High,0.33,Jane Doe,20.0,Project_58,Bench,3.3,Reading,Architect,0.0
E193,Employee_193,G10,Engineering,Austin,Java,React,TM008,Backend API Development,Backend,15-01-2025,28-02-2025,60.0,Online,In Progress,82.0,0.0,No,High,0.62,John Smith,0.0,Project_30,Active,4.1,Visual,Data Scientist,1.0
E194,Employee_194,G1,QA,Boston,Java,SQL,TM014,Python Programming Fundamentals,Programming,15-01-2025,28-02-2025,60.0,Online,Completed,82.0,90.0,Yes,High,0.46,Mike Wilson,20.0,Project_62,Active,4.1,Reading,Tech Lead,1.0
E195,Employee_195,G6,Engineering,NY,Docker,Shell,TM042,Linux System Administration,Infrastructure,15-01-2025,28-02-2025,40.0,Hybrid,Completed,99.0,83.0,No,Medium,0.31,John Smith,15.0,Project_21,Active,3.3,Reading,Tech Lead,1.0
E196,Employee_196,G2,Engineering,NY,Python,Pandas,TM036,Data Pipeline Engineering,Data Engineering,15-01-2025,28-02-2025,50.0,Hybrid,Completed,85.0,89.0,Yes,High,0.2,John Smith,10.0,Project_8,Active,3.9,Reading,Data Scientist,0.0
E197,Employee_197,G4,Data Science,Boston,R,NumPy,TM043,Machine Learning with Python,Data Science,15-01-2025,28-02-2025,40.0,Hybrid,Completed,88.0,74.0,No,High,0.14,Mike Wilson,10.0,Project_31,Active,4.8,Reading,Senior Developer,0.0
E198,Employee_198,G9,IT Support,Austin,Linux,Shell,TM033,Linux System Administration,Infrastructure,15-01-2025,28-02-2025,60.0,Hybrid,In Progress,86.0,0.0,Yes,High,0.56,Jane Doe,15.0,Project_50,Active,4.6,Visual,Data Scientist,0.0
E199,Employee_199,G7,QA,Boston,Java,SQL,TM022,Software Architecture Design,Architecture,15-01-2025,28-02-2025,30.0,Hybrid,Completed,99.0,91.0,No,Medium,0.58,Mike Wilson,0.0,Project_65,Active,4.5,Hands-on,Senior Developer,0.0
E200,Employee_200,G5,IT Support,Boston,AWS,Shell,TM026,DevOps and CI/CD Pipeline,DevOps,15-01-2025,28-02-2025,40.0,Hybrid,In Progress,85.0,77.0,No,Medium,0.7,Jane Doe,0.0,Project_42,Bench,4.7,Hands-on,Data Scientist,0.0
E201,Employee_201,G1,Data Science,SF,Python,Pandas,TM040,Machine Learning with Python,Data Science,15-01-2025,28-02-2025,30.0,Hybrid,Completed,71.0,91.0,No,Medium,0.15,John Smith,15.0,Project_69,Active,3.9,Hands-on,Data Scientist,0.0
E202,Employee_202,G9,Engineering,Seattle,Python,TensorFlow,TM024,Data Analysis and Visualization,Analytics,15-01-2025,28-02-2025,30.0,Online,Completed,77.0,83.0,No,Low,0.76,Mike Wilson,20.0,Project_51,Active,3.2,Visual,Tech Lead,1.0
E203,Employee_203,G10,IT Support,NY,AWS,Shell,TM009,AWS Cloud Practitioner,Cloud,15-01-2025,28-02-2025,40.0,Online,Completed,86.0,0.0,Yes,High,0.77,Mike Wilson,10.0,Project_10,Bench,3.5,Visual,Tech Lead,0.0
E204,Employee_204,G2,Data Science,SF,JavaScript,Git,TM009,Software Architecture Design,Architecture,15-01-2025,28-02-2025,30.0,Hybrid,Completed,97.0,87.0,No,High,0.19,Mike Wilson,10.0,Project_21,Active,4.5,Reading,Architect,1.0
E205,Employee_205,G9,Data Science,Austin,SQL,Pandas,TM032,Machine Learning with Python,Data Science,15-01-2025,28-02-2025,50.0,Hybrid,Completed,80.0,0.0,Yes,Medium,0.18,John Smith,15.0,Project_52,Bench,3.4,Reading,Architect,1.0
E206,Employee_206,G6,Engineering,Seattle,Python,Git,TM019,Software Architecture Design,Architecture,15-01-2025,28-02-2025,50.0,Online,Completed,81.0,74.0,Yes,High,0.11,John Smith,20.0,Project_5,Bench,3.5,Reading,Data Scientist,1.0
E207,Employee_207,G2,Engineering,Seattle,Java,Git,TM027,Software Architecture Design,Architecture,15-01-2025,28-02-2025,40.0,Online,Completed,78.0,91.0,No,Low,0.68,Jane Doe,10.0,Project_34,Bench,4.2,Reading,Architect,0.0
E208,Employee_208,G8,QA,Austin,Selenium,JUnit,TM047,Automated Testing with Selenium,Testing,15-01-2025,28-02-2025,30.0,Hybrid,In Progress,93.0,0.0,Yes,Medium,0.1,Mike Wilson,0.0,Project_74,Active,3.6,Hands-on,Senior Developer,0.0
E209,Employee_209,G7,Data Science,Boston,SQL,TensorFlow,TM016,Data Analysis and Visualization,Analytics,15-01-2025,28-02-2025,40.0,Online,In Progress,93.0,71.0,Yes,Medium,0.12,Mike Wilson,0.0,Project_63,Active,3.1,Hands-on,Data Scientist,1.0
E210,Employee_210,G6,IT Support,Austin,JavaScript,Git,TM030,Python Programming Fundamentals,Programming,15-01-2025,28-02-2025,50.0,Online,Completed,87.0,86.0,Yes,Medium,0.8,Jane Doe,0.0,Project_33,Active,4.1,Reading,Architect,0.0
E211,Employee_211,G7,Engineering,NY,Python,React,TM010,Backend API Development,Backend,15-01-2025,28-02-2025,40.0,Online,Completed,86.0,91.0,Yes,Medium,0.31,John Smith,15.0,Project_42,Bench,3.4,Hands-on,Senior Developer,0.0
E212,Employee_212,G4,Engineering,Boston,JavaScript,Node.js,TM036,Full Stack Web Development,Development,15-01-2025,28-02-2025,40.0,Hybrid,Completed,76.0,72.0,Yes,Medium,0.64,Jane Doe,10.0,Project_60,Active,3.7,Hands-on,Data Scientist,0.0
E213,Employee_213,G8,IT Support,Seattle,Docker,Shell,TM028,Linux System Administration,Infrastructure,15-01-2025,28-02-2025,40.0,Hybrid,In Progress,85.0,79.0,No,High,0.21,Mike Wilson,20.0,Project_82,Bench,3.3,Visual,Senior Developer,1.0
E214,Employee_214,G6,Engineering,Boston,R,TensorFlow,TM042,Machine Learning with Python,Data Science,15-01-2025,28-02-2025,40.0,Hybrid,In Progress,83.0,90.0,Yes,Medium,0.24,John Smith,15.0,Project_89,Bench,4.7,Hands-on,Senior Developer,0.0
E215,Employee_215,G5,IT Support,NY,AWS,Shell,TM017,DevOps and CI/CD Pipeline,DevOps,15-01-2025,28-02-2025,60.0,Online,Completed,97.0,78.0,No,Medium,0.53,Jane Doe,10.0,Project_98,Active,3.3,Visual,Tech Lead,1.0
E216,Employee_216,G2,Data Science,Austin,R,Pandas,TM024,Data Pipeline Engineering,Data Engineering,15-01-2025,28-02-2025,50.0,Hybrid,Completed,96.0,88.0,No,High,0.28,Jane Doe,15.0,Project_68,Bench,3.9,Hands-on,Architect,1.0
E217,Employee_217,G9,Data Science,SF,Java,Git,TM025,Cybersecurity Essentials,Security,15-01-2025,28-02-2025,60.0,Hybrid,Completed,81.0,89.0,No,High,0.42,Mike Wilson,10.0,Project_43,Bench,4.7,Visual,Data Scientist,0.0
E218,Employee_218,G9,IT Support,SF,Linux,Kubernetes,TM042,DevOps and CI/CD Pipeline,DevOps,15-01-2025,28-02-2025,60.0,Hybrid,Completed,71.0,72.0,Yes,Low,0.22,Jane Doe,0.0,Project_92,Active,3.3,Hands-on,Data Scientist,0.0
E219,Employee_219,G5,Engineering,Seattle,Docker,Terraform,TM032,DevOps and CI/CD Pipeline,DevOps,15-01-2025,28-02-2025,30.0,Hybrid,In Progress,92.0,82.0,No,Medium,0.54,Jane Doe,10.0,Project_95,Active,3.2,Hands-on,Senior Developer,0.0
E220,Employee_220,G4,Engineering,Boston,Python,Node.js,TM035,Backend API Development,Backend,15-01-2025,28-02-2025,30.0,Hybrid,In Progress,89.0,75.0,No,High,0.43,Mike Wilson,20.0,Project_73,Active,3.9,Reading,Data Scientist,0.0
E221,Employee_221,G10,QA,NY,Java,SQL,TM021,Python Programming Fundamentals,Programming,15-01-2025,28-02-2025,50.0,Hybrid,In Progress,88.0,80.0,No,Medium,0.35,John Smith,20.0,Project_11,Bench,3.5,Hands-on,Data Scientist,1.0
E222,Employee_222,G2,Data Science,NY,R,TensorFlow,TM020,Machine Learning with Python,Data Science,15-01-2025,28-02-2025,60.0,Online,In Progress,92.0,0.0,Yes,Low,0.25,Mike Wilson,15.0,Project_21,Active,3.5,Visual,Data Scientist,1.0
E223,Employee_223,G1,Engineering,SF,Python,TensorFlow,TM033,Data Analysis and Visualization,Analytics,15-01-2025,28-02-2025,40.0,Online,Completed,96.0,0.0,Yes,High,0.71,Jane Doe,15.0,Project_19,Bench,3.2,Hands-on,Senior Developer,0.0
E224,Employee_224,G10,IT Support,Seattle,AWS,Shell,TM003,AWS Cloud Practitioner,Cloud,15-01-2025,28-02-2025,40.0,Online,In Progress,89.0,83.0,No,High,0.68,Mike Wilson,15.0,Project_14,Active,3.2,Hands-on,Tech Lead,0.0
E225,Employee_225,G1,QA,Seattle,Python,SQL,TM035,Cybersecurity Essentials,Security,15-01-2025,28-02-2025,30.0,Online,In Progress,78.0,0.0,No,Low,0.57,Jane Doe,10.0,Project_41,Bench,4.1,Hands-on,Tech Lead,1.0
E226,Employee_226,G3,QA,Boston,Java,SQL,TM021,Software Architecture Design,Architecture,15-01-2025,28-02-2025,30.0,Hybrid,In Progress,72.0,90.0,Yes,Low,0.57,John Smith,10.0,Project_88,Bench,3.0,Reading,Architect,0.0
E227,Employee_227,G6,IT Support,Seattle,Linux,Kubernetes,TM026,Linux System Administration,Infrastructure,15-01-2025,28-02-2025,60.0,Online,Completed,90.0,89.0,No,Medium,0.57,Jane Doe,20.0,Project_45,Bench,3.5,Visual,Architect,1.0
E228,Employee_228,G1,IT Support,NY,Java,SQL,TM018,Cybersecurity Essentials,Security,15-01-2025,28-02-2025,30.0,Online,Completed,95.0,88.0,Yes,Low,0.33,John Smith,15.0,Project_40,Active,3.8,Hands-on,Senior Developer,0.0
E229,Employee_229,G1,Engineering,Austin,Python,Spring,TM033,Full Stack Web Development,Development,15-01-2025,28-02-2025,40.0,Online,In Progress,86.0,0.0,Yes,High,0.29,John Smith,0.0,Project_41,Bench,4.0,Reading,Architect,0.0
E230,Employee_230,G7,Data Science,Boston,JavaScript,Docker,TM046,Software Architecture Design,Architecture,15-01-2025,28-02-2025,30.0,Online,Completed,88.0,77.0,No,High,0.57,John Smith,0.0,Project_90,Bench,4.5,Hands-on,Architect,0.0
E231,Employee_231,G7,Engineering,SF,Java,Node.js,TM002,Full Stack Web Development,Development,15-01-2025,28-02-2025,60.0,Hybrid,In Progress,73.0,88.0,Yes,Medium,0.73,Jane Doe,15.0,Project_15,Active,3.7,Hands-on,Senior Developer,0.0
E232,Employee_232,G3,Engineering,SF,Java,SQL,TM009,Software Architecture Design,Architecture,15-01-2025,28-02-2025,30.0,Online,In Progress,89.0,90.0,No,High,0.47,Jane Doe,0.0,Project_41,Active,3.5,Hands-on,Architect,0.0
E233,Employee_233,G10,Engineering,NY,Java,Git,TM023,Python Programming Fundamentals,Programming,15-01-2025,28-02-2025,60.0,Online,Completed,90.0,87.0,Yes,High,0.48,Jane Doe,10.0,Project_30,Active,4.4,Reading,Architect,1.0
E234,Employee_234,G9,Data Science,NY,SQL,TensorFlow,TM036,Data Analysis and Visualization,Analytics,15-01-2025,28-02-2025,60.0,Online,Completed,71.0,0.0,Yes,High,0.72,John Smith,15.0,Project_20,Active,3.9,Visual,Data Scientist,0.0
E235,Employee_235,G1,Engineering,SF,Python,React,TM048,Full Stack Web Development,Development,15-01-2025,28-02-2025,60.0,Hybrid,In Progress,70.0,0.0,Yes,Low,0.26,Mike Wilson,15.0,Project_75,Active,3.2,Visual,Tech Lead,1.0
E236,Employee_236,G10,QA,Seattle,Postman,JUnit,TM015,Automated Testing with Selenium,Testing,15-01-2025,28-02-2025,30.0,Hybrid,Completed,95.0,0.0,No,High,0.72,Jane Doe,20.0,Project_73,Bench,3.5,Reading,Tech Lead,0.0
E237,Employee_237,G6,Engineering,Boston,AWS,Kubernetes,TM034,DevOps and CI/CD Pipeline,DevOps,15-01-2025,28-02-2025,30.0,Hybrid,Completed,92.0,79.0,No,Medium,0.22,John Smith,10.0,Project_21,Bench,4.0,Reading,Senior Developer,0.0
E238,Employee_238,G8,QA,SF,Selenium,TestNG,TM011,Automated Testing with Selenium,Testing,15-01-2025,28-02-2025,60.0,Online,In Progress,72.0,77.0,Yes,Medium,0.42,Mike Wilson,0.0,Project_8,Active,3.9,Visual,Architect,0.0
E239,Employee_239,G5,Engineering,Austin,Python,TensorFlow,TM021,Machine Learning with Python,Data Science,15-01-2025,28-02-2025,40.0,Online,Completed,74.0,89.0,Yes,High,0.78,Mike Wilson,15.0,Project_26,Bench,3.9,Visual,Architect,0.0
E240,Employee_240,G4,IT Support,Seattle,Docker,Shell,TM011,AWS Cloud Practitioner,Cloud,15-01-2025,28-02-2025,60.0,Online,Completed,86.0,83.0,Yes,High,0.52,Mike Wilson,20.0,Project_7,Bench,3.4,Hands-on,Data Scientist,1.0
E241,Employee_241,G1,Engineering,Seattle,JavaScript,React,TM038,Full Stack Web Development,Development,15-01-2025,28-02-2025,50.0,Online,Completed,84.0,92.0,Yes,High,0.58,Mike Wilson,15.0,Project_54,Active,4.1,Hands-on,Data Scientist,1.0
E242,Employee_242,G9,IT Support,Seattle,Java,Git,TM019,Cybersecurity Essentials,Security,15-01-2025,28-02-2025,40.0,Hybrid,In Progress,77.0,0.0,Yes,Medium,0.68,John Smith,15.0,Project_37,Active,4.7,Hands-on,Architect,1.0
E243,Employee_243,G3,Data Science,SF,R,Pandas,TM046,Machine Learning with Python,Data Science,15-01-2025,28-02-2025,40.0,Hybrid,Completed,100.0,0.0,Yes,High,0.67,John Smith,20.0,Project_34,Active,3.2,Visual,Data Scientist,0.0
E244,Employee_244,G1,Engineering,SF,SQL,NumPy,TM026,Data Analysis and Visualization,Analytics,15-01-2025,28-02-2025,30.0,Hybrid,Completed,97.0,72.0,No,Low,0.38,Mike Wilson,10.0,Project_93,Active,4.5,Hands-on,Senior Developer,0.0
E245,Employee_245,G5,QA,NY,Selenium,TestNG,TM025,Automated Testing with Selenium,Testing,15-01-2025,28-02-2025,40.0,Online,In Progress,92.0,79.0,Yes,Medium,0.15,Jane Doe,10.0,Project_50,Active,4.5,Reading,Tech Lead,0.0
E246,Employee_246,G4,IT Support,SF,Java,Docker,TM018,Software Architecture Design,Architecture,15-01-2025,28-02-2025,60.0,Hybrid,In Progress,78.0,84.0,Yes,High,0.65,Jane Doe,20.0,Project_86,Active,3.1,Visual,Data Scientist,0.0
E247,Employee_247,G5,Engineering,NY,AWS,Shell,TM001,Linux System Administration,Infrastructure,15-01-2025,28-02-2025,50.0,Online,Completed,71.0,73.0,No,Low,0.4,Jane Doe,20.0,Project_56,Bench,3.2,Visual,Architect,0.0
E248,Employee_248,G1,Engineering,Boston,Linux,Terraform,TM021,Linux System Administration,Infrastructure,15-01-2025,28-02-2025,50.0,Online,Completed,93.0,86.0,No,Low,0.29,Mike Wilson,15.0,Project_12,Bench,3.2,Visual,Data Scientist,0.0
E249,Employee_249,G9,QA,Seattle,Python,JUnit,TM044,Automated Testing with Selenium,Testing,15-01-2025,28-02-2025,30.0,Hybrid,In Progress,82.0,82.0,Yes,Medium,0.36,Jane Doe,15.0,Project_54,Bench,3.4,Hands-on,Architect,0.0
E250,Employee_250,G2,Engineering,Seattle,Java,Node.js,TM028,Backend API Development,Backend,15-01-2025,28-02-2025,40.0,Hybrid,Completed,97.0,91.0,Yes,High,0.13,John Smith,0.0,Project_49,Active,3.9,Reading,Senior Developer,0.0
E251,Employee_251,G5,IT Support,Austin,Docker,Kubernetes,TM014,AWS Cloud Practitioner,Cloud,15-01-2025,28-02-2025,40.0,Online,Completed,84.0,81.0,Yes,High,0.42,Jane Doe,20.0,Project_90,Active,3.6,Reading,Senior Developer,0.0
E252,Employee_252,G10,IT Support,Seattle,AWS,Terraform,TM047,Linux System Administration,Infrastructure,15-01-2025,28-02-2025,40.0,Online,Completed,75.0,90.0,Yes,Medium,0.26,John Smith,10.0,Project_12,Active,3.5,Hands-on,Architect,1.0
E253,Employee_253,G3,Engineering,NY,Java,React,TM008,Backend API Development,Backend,15-01-2025,28-02-2025,30.0,Hybrid,Completed,77.0,0.0,Yes,High,0.44,Mike Wilson,20.0,Project_87,Active,4.0,Hands-on,Architect,1.0
E254,Employee_254,G4,Data Science,NY,SQL,Pandas,TM026,Machine Learning with Python,Data Science,15-01-2025,28-02-2025,60.0,Online,Completed,95.0,82.0,Yes,Low,0.47,Mike Wilson,15.0,Project_28,Active,4.5,Reading,Data Scientist,0.0
E255,Employee_255,G6,IT Support,SF,Linux,Kubernetes,TM026,Linux System Administration,Infrastructure,15-01-2025,28-02-2025,30.0,Hybrid,Completed,89.0,0.0,Yes,High,0.31,Jane Doe,15.0,Project_96,Active,4.2,Hands-on,Tech Lead,0.0
E256,Employee_256,G6,Data Science,Seattle,SQL,Pandas,TM030,Machine Learning with Python,Data Science,15-01-2025,28-02-2025,40.0,Online,Completed,82.0,0.0,No,Low,0.66,Mike Wilson,15.0,Project_28,Active,3.2,Reading,Data Scientist,1.0
E257,Employee_257,G10,Engineering,NY,Java,React,TM018,Backend API Development,Backend,15-01-2025,28-02-2025,50.0,Online,Completed,91.0,0.0,Yes,Low,0.61,John Smith,10.0,Project_17,Bench,3.9,Visual,Tech Lead,1.0
E258,Employee_258,G10,Data Science,NY,JavaScript,SQL,TM043,Cybersecurity Essentials,Security,15-01-2025,28-02-2025,50.0,Online,Completed,93.0,91.0,No,Low,0.65,Jane Doe,15.0,Project_43,Active,4.5,Visual,Architect,1.0
E259,Employee_259,G6,IT Support,Seattle,Python,Git,TM044,Python Programming Fundamentals,Programming,15-01-2025,28-02-2025,30.0,Online,Completed,78.0,0.0,No,Low,0.45,John Smith,0.0,Project_71,Active,3.7,Hands-on,Tech Lead,1.0
E260,Employee_260,G1,Data Science,SF,SQL,Pandas,TM045,Data Analysis and Visualization,Analytics,15-01-2025,28-02-2025,60.0,Online,Completed,96.0,70.0,Yes,High,0.74,Mike Wilson,10.0,Project_59,Active,3.1,Visual,Senior Developer,0.0
E261,Employee_261,G2,Engineering,Austin,Python,Git,TM005,Cybersecurity Essentials,Security,15-01-2025,28-02-2025,60.0,Online,Completed,90.0,88.0,Yes,High,0.73,Mike Wilson,10.0,Project_40,Active,4.4,Reading,Tech Lead,1.0
E262,Employee_262,G2,IT Support,Austin,AWS,Shell,TM046,DevOps and CI/CD Pipeline,DevOps,15-01-2025,28-02-2025,30.0,Online,Completed,84.0,70.0,Yes,Low,0.69,John Smith,20.0,Project_98,Bench,3.6,Reading,Tech Lead,1.0
E263,Employee_263,G7,QA,Boston,JavaScript,Git,TM031,Python Programming Fundamentals,Programming,15-01-2025,28-02-2025,40.0,Online,In Progress,94.0,91.0,Yes,Medium,0.24,Mike Wilson,10.0,Project_85,Active,3.4,Reading,Tech Lead,1.0
E264,Employee_264,G6,QA,NY,Python,TestNG,TM005,Automated Testing with Selenium,Testing,15-01-2025,28-02-2025,30.0,Online,Completed,99.0,94.0,Yes,High,0.19,Mike Wilson,15.0,Project_39,Active,4.4,Visual,Senior Developer,0.0
E265,Employee_265,G7,Engineering,NY,R,NumPy,TM017,Data Pipeline Engineering,Data Engineering,15-01-2025,28-02-2025,50.0,Hybrid,Completed,94.0,85.0,Yes,Medium,0.63,Jane Doe,0.0,Project_65,Active,3.3,Hands-on,Senior Developer,0.0
E266,Employee_266,G2,IT Support,NY,JavaScript,Docker,TM047,Cybersecurity Essentials,Security,15-01-2025,28-02-2025,50.0,Hybrid,In Progress,99.0,71.0,No,High,0.34,Jane Doe,20.0,Project_52,Active,3.2,Hands-on,Data Scientist,0.0
E267,Employee_267,G7,Engineering,SF,JavaScript,Spring,TM015,Full Stack Web Development,Development,15-01-2025,28-02-2025,60.0,Hybrid,Completed,73.0,88.0,No,High,0.66,John Smith,10.0,Project_34,Active,3.4,Reading,Senior Developer,1.0
E268,Employee_268,G9,Engineering,Boston,JavaScript,Spring,TM001,Full Stack Web Development,Development,15-01-2025,28-02-2025,30.0,Online,Completed,77.0,0.0,No,Medium,0.38,Mike Wilson,15.0,Project_74,Bench,4.2,Reading,Tech Lead,1.0
E269,Employee_269,G3,Engineering,Seattle,JavaScript,Spring,TM016,Backend API Development,Backend,15-01-2025,28-02-2025,50.0,Online,Completed,89.0,70.0,Yes,High,0.31,Mike Wilson,20.0,Project_17,Bench,3.8,Visual,Senior Developer,0.0
E270,Employee_270,G1,Data Science,Boston,R,NumPy,TM002,Machine Learning with Python,Data Science,15-01-2025,28-02-2025,40.0,Online,Completed,70.0,91.0,No,High,0.65,Jane Doe,0.0,Project_20,Active,3.5,Visual,Senior Developer,1.0
E271,Employee_271,G10,Data Science,Boston,SQL,NumPy,TM028,Data Pipeline Engineering,Data Engineering,15-01-2025,28-02-2025,40.0,Online,In Progress,95.0,86.0,Yes,High,0.28,Jane Doe,10.0,Project_89,Active,4.1,Visual,Tech Lead,1.0
E272,Employee_272,G7,Data Science,Austin,R,NumPy,TM027,Data Analysis and Visualization,Analytics,15-01-2025,28-02-2025,30.0,Hybrid,Completed,88.0,84.0,Yes,Medium,0.59,Jane Doe,15.0,Project_27,Active,4.3,Visual,Senior Developer,0.0
E273,Employee_273,G2,Engineering,SF,Docker,Kubernetes,TM015,DevOps and CI/CD Pipeline,DevOps,15-01-2025,28-02-2025,50.0,Hybrid,In Progress,90.0,0.0,Yes,Medium,0.58,John Smith,0.0,Project_45,Active,3.5,Reading,Senior Developer,0.0
E274,Employee_274,G9,Engineering,NY,SQL,NumPy,TM010,Data Pipeline Engineering,Data Engineering,15-01-2025,28-02-2025,40.0,Online,Completed,72.0,90.0,No,High,0.28,John Smith,15.0,Project_73,Active,4.8,Hands-on,Architect,0.0
E275,Employee_275,G10,Engineering,Boston,R,Pandas,TM023,Machine Learning with Python,Data Science,15-01-2025,28-02-2025,50.0,Hybrid,In Progress,100.0,83.0,Yes,High,0.14,John Smith,10.0,Project_67,Active,4.1,Visual,Tech Lead,1.0
E276,Employee_276,G10,Engineering,Boston,R,TensorFlow,TM046,Machine Learning with Python,Data Science,15-01-2025,28-02-2025,50.0,Hybrid,Completed,92.0,83.0,Yes,Medium,0.4,John Smith,10.0,Project_89,Active,4.6,Hands-on,Tech Lead,1.0
E277,Employee_277,G2,IT Support,Boston,Python,SQL,TM043,Cybersecurity Essentials,Security,15-01-2025,28-02-2025,50.0,Hybrid,In Progress,77.0,80.0,No,High,0.68,Jane Doe,20.0,Project_11,Active,3.4,Visual,Data Scientist,0.0
E278,Employee_278,G6,QA,Seattle,JavaScript,Git,TM014,Cybersecurity Essentials,Security,15-01-2025,28-02-2025,40.0,Hybrid,Completed,75.0,0.0,Yes,High,0.23,John Smith,10.0,Project_71,Active,4.5,Reading,Architect,1.0
E279,Employee_279,G1,Engineering,NY,Linux,Terraform,TM021,DevOps and CI/CD Pipeline,DevOps,15-01-2025,28-02-2025,30.0,Online,Completed,93.0,92.0,Yes,Low,0.65,Jane Doe,10.0,Project_49,Active,4.7,Hands-on,Senior Developer,0.0
E280,Employee_280,G9,IT Support,NY,Linux,Shell,TM005,AWS Cloud Practitioner,Cloud,15-01-2025,28-02-2025,40.0,Online,In Progress,92.0,94.0,Yes,High,0.42,Mike Wilson,0.0,Project_32,Active,3.4,Reading,Senior Developer,0.0
E281,Employee_281,G8,Data Science,Austin,Python,SQL,TM018,Python Programming Fundamentals,Programming,15-01-2025,28-02-2025,40.0,Hybrid,Completed,99.0,0.0,Yes,Low,0.27,Jane Doe,15.0,Project_36,Active,3.4,Reading,Tech Lead,0.0
E282,Employee_282,G6,QA,Austin,Postman,TestNG,TM024,Automated Testing with Selenium,Testing,15-01-2025,28-02-2025,60.0,Online,Completed,84.0,70.0,Yes,Medium,0.59,John Smith,0.0,Project_50,Active,4.0,Hands-on,Tech Lead,0.0
E283,Employee_283,G1,QA,SF,Python,Git,TM017,Python Programming Fundamentals,Programming,15-01-2025,28-02-2025,50.0,Online,Completed,86.0,86.0,No,Medium,0.53,Mike Wilson,0.0,Project_3,Active,4.1,Visual,Data Scientist,1.0
E284,Employee_284,G6,Engineering,NY,AWS,Kubernetes,TM022,Linux System Administration,Infrastructure,15-01-2025,28-02-2025,60.0,Online,Completed,88.0,0.0,Yes,Medium,0.67,John Smith,0.0,Project_15,Active,3.1,Visual,Senior Developer,1.0
E285,Employee_285,G3,Data Science,Austin,SQL,NumPy,TM047,Machine Learning with Python,Data Science,15-01-2025,28-02-2025,30.0,Hybrid,In Progress,97.0,86.0,Yes,High,0.66,Mike Wilson,20.0,Project_64,Bench,3.1,Reading,Architect,0.0
E286,Employee_286,G8,IT Support,Austin,Java,Docker,TM011,Software Architecture Design,Architecture,15-01-2025,28-02-2025,40.0,Online,In Progress,96.0,71.0,No,High,0.1,Jane Doe,0.0,Project_79,Active,4.0,Hands-on,Tech Lead,0.0
E287,Employee_287,G7,Engineering,Seattle,R,Pandas,TM044,Data Pipeline Engineering,Data Engineering,15-01-2025,28-02-2025,30.0,Online,Completed,78.0,75.0,No,Low,0.63,Mike Wilson,0.0,Project_64,Bench,4.5,Hands-on,Tech Lead,1.0
E288,Employee_288,G10,Data Science,Boston,JavaScript,Git,TM002,Software Architecture Design,Architecture,15-01-2025,28-02-2025,40.0,Hybrid,In Progress,81.0,85.0,Yes,Medium,0.37,Jane Doe,15.0,Project_18,Bench,3.8,Visual,Tech Lead,0.0
E289,Employee_289,G3,Engineering,Boston,AWS,Kubernetes,TM032,AWS Cloud Practitioner,Cloud,15-01-2025,28-02-2025,60.0,Online,Completed,82.0,76.0,Yes,Medium,0.67,Mike Wilson,15.0,Project_70,Bench,4.4,Hands-on,Data Scientist,0.0
E290,Employee_290,G5,IT Support,Boston,AWS,Shell,TM046,AWS Cloud Practitioner,Cloud,15-01-2025,28-02-2025,40.0,Hybrid,Completed,93.0,0.0,Yes,Medium,0.41,John Smith,10.0,Project_18,Bench,3.4,Visual,Senior Developer,0.0
E291,Employee_291,G4,IT Support,Boston,Linux,Shell,TM010,Linux System Administration,Infrastructure,15-01-2025,28-02-2025,50.0,Online,Completed,100.0,0.0,Yes,High,0.12,Mike Wilson,0.0,Project_54,Active,3.6,Hands-on,Architect,0.0
E292,Employee_292,G8,Engineering,Seattle,R,TensorFlow,TM035,Machine Learning with Python,Data Science,15-01-2025,28-02-2025,50.0,Hybrid,Completed,98.0,94.0,Yes,Medium,0.61,Jane Doe,10.0,Project_61,Active,3.4,Reading,Architect,1.0
E293,Employee_293,G2,Data Science,Boston,R,TensorFlow,TM021,Data Analysis and Visualization,Analytics,15-01-2025,28-02-2025,60.0,Hybrid,Completed,86.0,75.0,Yes,High,0.42,Jane Doe,15.0,Project_55,Bench,3.2,Reading,Senior Developer,0.0
E294,Employee_294,G7,Engineering,NY,Java,Spring,TM041,Backend API Development,Backend,15-01-2025,28-02-2025,40.0,Hybrid,Completed,70.0,73.0,Yes,High,0.13,Jane Doe,15.0,Project_81,Bench,3.3,Visual,Data Scientist,0.0
E295,Employee_295,G8,Engineering,Austin,Docker,Shell,TM026,AWS Cloud Practitioner,Cloud,15-01-2025,28-02-2025,40.0,Online,Completed,74.0,71.0,No,Medium,0.51,Mike Wilson,10.0,Project_20,Active,3.8,Visual,Senior Developer,0.0
E296,Employee_296,G4,Engineering,Boston,SQL,TensorFlow,TM047,Data Analysis and Visualization,Analytics,15-01-2025,28-02-2025,60.0,Hybrid,Completed,92.0,0.0,No,Low,0.12,Jane Doe,0.0,Project_95,Bench,3.8,Reading,Senior Developer,0.0
E297,Employee_297,G4,IT Support,NY,Linux,Kubernetes,TM042,Linux System Administration,Infrastructure,15-01-2025,28-02-2025,40.0,Online,Completed,80.0,76.0,Yes,High,0.43,Jane Doe,20.0,Project_10,Active,3.8,Reading,Senior Developer,1.0
E298,Employee_298,G8,QA,Boston,JavaScript,Docker,TM030,Cybersecurity Essentials,Security,15-01-2025,28-02-2025,60.0,Hybrid,In Progress,97.0,82.0,Yes,High,0.67,Mike Wilson,10.0,Project_64,Active,4.8,Reading,Tech Lead,0.0
E299,Employee_299,G7,QA,Boston,Java,SQL,TM038,Software Architecture Design,Architecture,15-01-2025,28-02-2025,40.0,Hybrid,Completed,93.0,85.0,Yes,Low,0.41,Mike Wilson,15.0,Project_57,Active,3.5,Visual,Senior Developer,0.0
E300,Employee_300,G9,Data Science,SF,Python,TensorFlow,TM015,Machine Learning with Python,Data Science,15-01-2025,28-02-2025,50.0,Online,Completed,82.0,78.0,No,High,0.47,John Smith,20.0,Project_73,Active,3.9,Reading,Data Scientist,0.0
E301,Employee_301,G3,Data Science,NY,R,TensorFlow,TM032,Machine Learning with Python,Data Science,15-01-2025,28-02-2025,40.0,Hybrid,Completed,86.0,75.0,Yes,Medium,0.44,Mike Wilson,10.0,Project_4,Bench,4.7,Hands-on,Data Scientist,0.0
E302,Employee_302,G6,QA,Seattle,Python,SQL,TM028,Cybersecurity Essentials,Security,15-01-2025,28-02-2025,50.0,Online,Completed,85.0,0.0,No,Low,0.5,John Smith,10.0,Project_78,Active,4.7,Reading,Data Scientist,0.0
E303,Employee_303,G5,Engineering,Boston,AWS,Shell,TM020,DevOps and CI/CD Pipeline,DevOps,15-01-2025,28-02-2025,50.0,Online,Completed,82.0,79.0,No,Medium,0.63,Jane Doe,20.0,Project_97,Active,3.4,Visual,Data Scientist,1.0
E304,Employee_304,G7,QA,Seattle,JavaScript,SQL,TM013,Cybersecurity Essentials,Security,15-01-2025,28-02-2025,50.0,Online,Completed,94.0,92.0,Yes,High,0.52,Mike Wilson,0.0,Project_96,Active,4.3,Visual,Senior Developer,0.0
E305,Employee_305,G5,Data Science,NY,R,TensorFlow,TM010,Data Analysis and Visualization,Analytics,15-01-2025,28-02-2025,60.0,Online,Completed,89.0,0.0,No,Low,0.8,Mike Wilson,15.0,Project_98,Active,3.6,Hands-on,Senior Developer,0.0
E306,Employee_306,G9,QA,Austin,JavaScript,SQL,TM001,Cybersecurity Essentials,Security,15-01-2025,28-02-2025,50.0,Hybrid,Completed,88.0,80.0,No,High,0.49,John Smith,0.0,Project_40,Bench,3.7,Visual,Tech Lead,0.0
E307,Employee_307,G3,IT Support,Seattle,AWS,Shell,TM011,AWS Cloud Practitioner,Cloud,15-01-2025,28-02-2025,60.0,Online,Completed,71.0,88.0,No,Medium,0.56,Jane Doe,20.0,Project_66,Active,4.1,Visual,Tech Lead,1.0
E308,Employee_308,G4,Data Science,NY,SQL,Pandas,TM036,Data Pipeline Engineering,Data Engineering,15-01-2025,28-02-2025,50.0,Hybrid,In Progress,95.0,0.0,Yes,High,0.69,Jane Doe,10.0,Project_48,Bench,4.7,Visual,Data Scientist,0.0
E309,Employee_309,G9,QA,Boston,JavaScript,Docker,TM025,Cybersecurity Essentials,Security,15-01-2025,28-02-2025,50.0,Hybrid,Completed,93.0,79.0,No,Medium,0.29,Mike Wilson,15.0,Project_24,Bench,4.4,Hands-on,Architect,0.0
E310,Employee_310,G9,QA,SF,Java,Docker,TM023,Python Programming Fundamentals,Programming,15-01-2025,28-02-2025,50.0,Hybrid,In Progress,92.0,0.0,Yes,High,0.41,Jane Doe,10.0,Project_3,Active,3.8,Hands-on,Data Scientist,0.0
E311,Employee_311,G1,IT Support,SF,Linux,Terraform,TM046,DevOps and CI/CD Pipeline,DevOps,15-01-2025,28-02-2025,60.0,Online,Completed,90.0,74.0,Yes,High,0.25,Mike Wilson,20.0,Project_91,Bench,4.5,Visual,Data Scientist,0.0
E312,Employee_312,G3,Data Science,Austin,Java,Git,TM049,Cybersecurity Essentials,Security,15-01-2025,28-02-2025,60.0,Online,Completed,74.0,0.0,Yes,High,0.16,Jane Doe,0.0,Project_69,Active,4.1,Hands-on,Data Scientist,0.0
E313,Employee_313,G7,Engineering,Boston,R,Pandas,TM028,Data Pipeline Engineering,Data Engineering,15-01-2025,28-02-2025,40.0,Hybrid,Completed,100.0,93.0,Yes,High,0.14,John Smith,15.0,Project_22,Active,4.1,Hands-on,Senior Developer,0.0
E314,Employee_314,G6,Engineering,Seattle,Python,NumPy,TM045,Data Pipeline Engineering,Data Engineering,15-01-2025,28-02-2025,60.0,Hybrid,Completed,86.0,82.0,Yes,High,0.44,Jane Doe,15.0,Project_14,Active,4.5,Visual,Senior Developer,0.0
E315,Employee_315,G1,QA,Boston,JavaScript,SQL,TM022,Python Programming Fundamentals,Programming,15-01-2025,28-02-2025,40.0,Online,Completed,71.0,0.0,Yes,High,0.21,Jane Doe,10.0,Project_4,Active,4.3,Hands-on,Architect,0.0
E316,Employee_316,G7,QA,Austin,Python,TestNG,TM035,Automated Testing with Selenium,Testing,15-01-2025,28-02-2025,30.0,Online,Completed,73.0,85.0,Yes,High,0.41,Mike Wilson,15.0,Project_50,Active,3.6,Hands-on,Tech Lead,0.0
E317,Employee_317,G5,IT Support,SF,Docker,Kubernetes,TM028,DevOps and CI/CD Pipeline,DevOps,15-01-2025,28-02-2025,60.0,Online,In Progress,72.0,0.0,Yes,Medium,0.77,John Smith,10.0,Project_8,Active,3.8,Reading,Tech Lead,0.0
E318,Employee_318,G3,Data Science,Boston,SQL,Pandas,TM029,Data Pipeline Engineering,Data Engineering,15-01-2025,28-02-2025,50.0,Hybrid,Completed,99.0,0.0,No,Medium,0.69,Jane Doe,20.0,Project_4,Bench,3.9,Visual,Tech Lead,0.0
E319,Employee_319,G10,Engineering,Austin,JavaScript,Node.js,TM006,Backend API Development,Backend,15-01-2025,28-02-2025,60.0,Hybrid,Completed,72.0,80.0,No,Low,0.38,John Smith,15.0,Project_5,Bench,4.5,Reading,Tech Lead,0.0
E320,Employee_320,G6,Data Science,Seattle,R,NumPy,TM009,Data Analysis and Visualization,Analytics,15-01-2025,28-02-2025,60.0,Hybrid,Completed,70.0,78.0,Yes,High,0.72,John Smith,15.0,Project_87,Active,3.3,Hands-on,Data Scientist,0.0
E321,Employee_321,G9,Engineering,SF,Python,NumPy,TM030,Data Pipeline Engineering,Data Engineering,15-01-2025,28-02-2025,50.0,Online,Completed,83.0,0.0,Yes,High,0.26,John Smith,0.0,Project_86,Bench,3.2,Visual,Data Scientist,0.0
E322,Employee_322,G9,Engineering,NY,R,TensorFlow,TM018,Data Pipeline Engineering,Data Engineering,15-01-2025,28-02-2025,50.0,Online,In Progress,85.0,0.0,No,High,0.13,John Smith,20.0,Project_2,Active,4.0,Reading,Architect,1.0
E323,Employee_323,G7,QA,Seattle,Python,SQL,TM017,Cybersecurity Essentials,Security,15-01-2025,28-02-2025,50.0,Online,Completed,73.0,74.0,Yes,High,0.14,Mike Wilson,20.0,Project_30,Active,3.6,Reading,Senior Developer,1.0
E324,Employee_324,G5,QA,Austin,Python,TestNG,TM019,Automated Testing with Selenium,Testing,15-01-2025,28-02-2025,30.0,Hybrid,Completed,74.0,89.0,Yes,Medium,0.34,Jane Doe,10.0,Project_96,Active,3.1,Visual,Senior Developer,0.0
E325,Employee_325,G2,Data Science,Austin,Java,Git,TM022,Software Architecture Design,Architecture,15-01-2025,28-02-2025,60.0,Hybrid,Completed,78.0,0.0,Yes,High,0.57,John Smith,20.0,Project_9,Active,3.2,Hands-on,Data Scientist,0.0
E326,Employee_326,G5,Engineering,Boston,AWS,Terraform,TM042,AWS Cloud Practitioner,Cloud,15-01-2025,28-02-2025,30.0,Hybrid,Completed,73.0,72.0,Yes,Low,0.3,John Smith,20.0,Project_66,Active,3.8,Visual,Data Scientist,0.0
E327,Employee_327,G7,IT Support,Seattle,JavaScript,Git,TM021,Python Programming Fundamentals,Programming,15-01-2025,28-02-2025,60.0,Online,Completed,87.0,0.0,Yes,High,0.24,Mike Wilson,20.0,Project_53,Bench,3.5,Reading,Tech Lead,0.0
E328,Employee_328,G2,IT Support,Austin,Python,Docker,TM003,Software Architecture Design,Architecture,15-01-2025,28-02-2025,40.0,Online,Completed,71.0,71.0,Yes,High,0.29,John Smith,20.0,Project_10,Active,3.4,Hands-on,Data Scientist,1.0
E329,Employee_329,G10,Data Science,NY,Python,SQL,TM020,Python Programming Fundamentals,Programming,15-01-2025,28-02-2025,40.0,Online,Completed,85.0,94.0,No,High,0.43,John Smith,10.0,Project_96,Bench,4.5,Reading,Data Scientist,1.0
E330,Employee_330,G3,Engineering,SF,Docker,Shell,TM031,Linux System Administration,Infrastructure,15-01-2025,28-02-2025,30.0,Hybrid,Completed,84.0,89.0,Yes,Medium,0.15,Jane Doe,0.0,Project_18,Active,4.4,Visual,Data Scientist,0.0
E331,Employee_331,G6,Engineering,Boston,Docker,Terraform,TM036,DevOps and CI/CD Pipeline,DevOps,15-01-2025,28-02-2025,60.0,Online,Completed,82.0,87.0,Yes,High,0.63,Mike Wilson,0.0,Project_68,Active,3.2,Reading,Architect,0.0
E332,Employee_332,G1,Data Science,Austin,R,NumPy,TM017,Data Analysis and Visualization,Analytics,15-01-2025,28-02-2025,30.0,Hybrid,In Progress,71.0,89.0,No,High,0.31,Mike Wilson,0.0,Project_31,Active,4.0,Visual,Tech Lead,0.0
E333,Employee_333,G8,QA,NY,JavaScript,Git,TM029,Software Architecture Design,Architecture,15-01-2025,28-02-2025,40.0,Online,Completed,91.0,74.0,Yes,High,0.17,Mike Wilson,20.0,Project_75,Bench,4.8,Reading,Senior Developer,0.0
E334,Employee_334,G3,IT Support,SF,AWS,Shell,TM047,DevOps and CI/CD Pipeline,DevOps,15-01-2025,28-02-2025,30.0,Online,Completed,89.0,85.0,Yes,Medium,0.19,Mike Wilson,20.0,Project_76,Active,3.5,Reading,Data Scientist,0.0
E335,Employee_335,G3,IT Support,Boston,Linux,Kubernetes,TM022,AWS Cloud Practitioner,Cloud,15-01-2025,28-02-2025,60.0,Hybrid,Completed,82.0,88.0,Yes,Medium,0.47,Mike Wilson,10.0,Project_23,Active,4.0,Reading,Data Scientist,0.0
E336,Employee_336,G7,Data Science,Seattle,Java,Docker,TM038,Software Architecture Design,Architecture,15-01-2025,28-02-2025,40.0,Online,Completed,75.0,0.0,Yes,Medium,0.73,Mike Wilson,20.0,Project_47,Active,4.2,Hands-on,Data Scientist,0.0
E337,Employee_337,G10,IT Support,Boston,Linux,Shell,TM037,AWS Cloud Practitioner,Cloud,15-01-2025,28-02-2025,40.0,Online,Completed,94.0,91.0,Yes,Low,0.54,John Smith,15.0,Project_11,Active,4.0,Hands-on,Architect,0.0
E338,Employee_338,G9,Engineering,NY,Python,TensorFlow,TM036,Data Pipeline Engineering,Data Engineering,15-01-2025,28-02-2025,40.0,Hybrid,Completed,97.0,85.0,Yes,Low,0.71,Jane Doe,20.0,Project_89,Active,3.7,Reading,Senior Developer,0.0
E339,Employee_339,G4,Data Science,SF,R,Pandas,TM007,Data Pipeline Engineering,Data Engineering,15-01-2025,28-02-2025,40.0,Online,In Progress,78.0,0.0,Yes,Medium,0.18,Mike Wilson,20.0,Project_33,Active,3.7,Visual,Data Scientist,1.0
E340,Employee_340,G6,Data Science,SF,R,NumPy,TM009,Data Pipeline Engineering,Data Engineering,15-01-2025,28-02-2025,30.0,Online,Completed,93.0,87.0,Yes,Medium,0.51,John Smith,10.0,Project_28,Active,3.3,Reading,Architect,0.0
E341,Employee_341,G4,Engineering,SF,JavaScript,SQL,TM048,Python Programming Fundamentals,Programming,15-01-2025,28-02-2025,50.0,Online,In Progress,99.0,71.0,No,Low,0.65,John Smith,15.0,Project_71,Active,3.6,Visual,Architect,0.0
E342,Employee_342,G6,Engineering,Boston,Docker,Shell,TM018,AWS Cloud Practitioner,Cloud,15-01-2025,28-02-2025,50.0,Hybrid,In Progress,94.0,79.0,No,Low,0.12,John Smith,10.0,Project_21,Active,3.4,Reading,Tech Lead,0.0
E343,Employee_343,G2,IT Support,Seattle,Docker,Terraform,TM007,DevOps and CI/CD Pipeline,DevOps,15-01-2025,28-02-2025,50.0,Hybrid,Completed,74.0,81.0,Yes,Low,0.68,Jane Doe,20.0,Project_98,Bench,4.0,Reading,Tech Lead,0.0
E344,Employee_344,G7,Engineering,Seattle,JavaScript,Spring,TM016,Backend API Development,Backend,15-01-2025,28-02-2025,50.0,Hybrid,Completed,97.0,0.0,Yes,High,0.67,John Smith,15.0,Project_69,Bench,3.9,Visual,Architect,0.0
E345,Employee_345,G7,IT Support,SF,JavaScript,Docker,TM028,Software Architecture Design,Architecture,15-01-2025,28-02-2025,30.0,Online,Completed,81.0,82.0,No,Low,0.29,Jane Doe,20.0,Project_47,Active,3.1,Hands-on,Data Scientist,0.0
E346,Employee_346,G3,Engineering,Boston,Python,React,TM007,Backend API Development,Backend,15-01-2025,28-02-2025,50.0,Online,Completed,78.0,86.0,No,High,0.76,Jane Doe,20.0,Project_56,Active,4.7,Hands-on,Senior Developer,1.0
E347,Employee_347,G9,IT Support,Boston,Linux,Terraform,TM043,DevOps and CI/CD Pipeline,DevOps,15-01-2025,28-02-2025,30.0,Hybrid,In Progress,80.0,87.0,No,High,0.14,Mike Wilson,20.0,Project_9,Active,3.0,Hands-on,Data Scientist,0.0
E348,Employee_348,G2,QA,Boston,Postman,JUnit,TM013,Automated Testing with Selenium,Testing,15-01-2025,28-02-2025,30.0,Online,Completed,87.0,71.0,Yes,High,0.33,Mike Wilson,0.0,Project_55,Bench,4.8,Hands-on,Tech Lead,1.0
E349,Employee_349,G6,IT Support,Seattle,AWS,Shell,TM022,Linux System Administration,Infrastructure,15-01-2025,28-02-2025,50.0,Hybrid,In Progress,87.0,70.0,No,Low,0.71,John Smith,0.0,Project_26,Bench,4.2,Visual,Senior Developer,0.0
E350,Employee_350,G6,IT Support,Austin,Linux,Kubernetes,TM022,AWS Cloud Practitioner,Cloud,15-01-2025,28-02-2025,30.0,Hybrid,In Progress,94.0,75.0,Yes,Medium,0.44,Mike Wilson,20.0,Project_30,Bench,3.6,Reading,Senior Developer,0.0
E351,Employee_351,G7,Data Science,Seattle,SQL,TensorFlow,TM042,Data Analysis and Visualization,Analytics,15-01-2025,28-02-2025,50.0,Hybrid,Completed,96.0,0.0,No,Medium,0.66,Jane Doe,20.0,Project_45,Active,3.2,Hands-on,Tech Lead,0.0
E352,Employee_352,G1,IT Support,SF,AWS,Terraform,TM041,Linux System Administration,Infrastructure,15-01-2025,28-02-2025,40.0,Online,Completed,75.0,0.0,Yes,High,0.19,John Smith,15.0,Project_97,Active,4.1,Hands-on,Data Scientist,0.0
E353,Employee_353,G3,Engineering,NY,JavaScript,React,TM043,Full Stack Web Development,Development,15-01-2025,28-02-2025,40.0,Online,Completed,98.0,88.0,No,High,0.28,Jane Doe,15.0,Project_97,Active,3.4,Reading,Tech Lead,0.0
E354,Employee_354,G6,Data Science,Seattle,Java,Git,TM039,Python Programming Fundamentals,Programming,15-01-2025,28-02-2025,50.0,Hybrid,In Progress,94.0,0.0,Yes,High,0.67,Mike Wilson,20.0,Project_63,Bench,3.6,Visual,Data Scientist,0.0
E355,Employee_355,G3,Engineering,Boston,JavaScript,Spring,TM020,Backend API Development,Backend,15-01-2025,28-02-2025,50.0,Hybrid,In Progress,98.0,79.0,No,High,0.19,Mike Wilson,20.0,Project_63,Active,4.6,Hands-on,Architect,0.0
E356,Employee_356,G10,IT Support,Austin,AWS,Terraform,TM009,DevOps and CI/CD Pipeline,DevOps,15-01-2025,28-02-2025,60.0,Online,Completed,93.0,76.0,No,Medium,0.75,Jane Doe,10.0,Project_51,Bench,3.3,Reading,Tech Lead,0.0
E357,Employee_357,G7,Engineering,NY,JavaScript,Node.js,TM013,Full Stack Web Development,Development,15-01-2025,28-02-2025,40.0,Online,Completed,92.0,72.0,Yes,Medium,0.62,Mike Wilson,10.0,Project_59,Active,3.9,Visual,Data Scientist,1.0
E358,Employee_358,G9,Engineering,NY,Linux,Shell,TM019,DevOps and CI/CD Pipeline,DevOps,15-01-2025,28-02-2025,40.0,Hybrid,Completed,88.0,85.0,Yes,High,0.27,Mike Wilson,10.0,Project_17,Active,4.5,Reading,Tech Lead,1.0
E359,Employee_359,G9,Engineering,Boston,Linux,Terraform,TM025,AWS Cloud Practitioner,Cloud,15-01-2025,28-02-2025,50.0,Online,Completed,80.0,88.0,Yes,High,0.22,John Smith,10.0,Project_51,Bench,3.6,Reading,Tech Lead,1.0
E360,Employee_360,G3,IT Support,NY,Docker,Shell,TM045,DevOps and CI/CD Pipeline,DevOps,15-01-2025,28-02-2025,30.0,Online,In Progress,93.0,72.0,No,High,0.14,Mike Wilson,0.0,Project_91,Active,3.2,Reading,Senior Developer,1.0
E361,Employee_361,G10,Engineering,Austin,Java,Docker,TM037,Python Programming Fundamentals,Programming,15-01-2025,28-02-2025,30.0,Online,Completed,72.0,85.0,No,Medium,0.17,Jane Doe,15.0,Project_61,Active,4.6,Reading,Tech Lead,0.0
E362,Employee_362,G2,IT Support,Seattle,Docker,Shell,TM047,AWS Cloud Practitioner,Cloud,15-01-2025,28-02-2025,30.0,Online,Completed,77.0,89.0,Yes,Low,0.36,Jane Doe,0.0,Project_93,Active,3.8,Hands-on,Architect,0.0
E363,Employee_363,G9,IT Support,SF,Linux,Terraform,TM017,AWS Cloud Practitioner,Cloud,15-01-2025,28-02-2025,30.0,Hybrid,In Progress,99.0,90.0,Yes,Low,0.73,Jane Doe,10.0,Project_43,Active,3.5,Visual,Data Scientist,0.0
E364,Employee_364,G2,IT Support,Boston,AWS,Kubernetes,TM020,AWS Cloud Practitioner,Cloud,15-01-2025,28-02-2025,60.0,Hybrid,Completed,74.0,0.0,Yes,High,0.1,Jane Doe,20.0,Project_86,Active,3.3,Visual,Architect,0.0
E365,Employee_365,G2,Engineering,Austin,Python,Pandas,TM004,Data Analysis and Visualization,Analytics,15-01-2025,28-02-2025,30.0,Hybrid,Completed,96.0,79.0,Yes,High,0.8,Jane Doe,15.0,Project_88,Active,3.7,Visual,Tech Lead,0.0
E366,Employee_366,G5,IT Support,NY,Python,SQL,TM015,Software Architecture Design,Architecture,15-01-2025,28-02-2025,40.0,Online,Completed,99.0,73.0,No,High,0.79,Jane Doe,10.0,Project_65,Bench,3.7,Visual,Architect,0.0
E367,Employee_367,G10,Engineering,Austin,Java,Spring,TM042,Backend API Development,Backend,15-01-2025,28-02-2025,50.0,Hybrid,In Progress,89.0,75.0,No,Low,0.2,Mike Wilson,15.0,Project_83,Active,3.1,Reading,Tech Lead,0.0
E368,Employee_368,G6,QA,Seattle,Java,Git,TM041,Software Architecture Design,Architecture,15-01-2025,28-02-2025,40.0,Hybrid,In Progress,99.0,0.0,Yes,High,0.32,John Smith,15.0,Project_56,Active,4.1,Reading,Senior Developer,0.0
E369,Employee_369,G3,Data Science,Boston,Python,Pandas,TM001,Machine Learning with Python,Data Science,15-01-2025,28-02-2025,50.0,Online,Completed,90.0,0.0,Yes,High,0.25,John Smith,20.0,Project_74,Active,3.0,Reading,Architect,1.0
E370,Employee_370,G5,Data Science,Boston,SQL,NumPy,TM004,Data Analysis and Visualization,Analytics,15-01-2025,28-02-2025,40.0,Hybrid,Completed,88.0,87.0,Yes,Medium,0.66,John Smith,20.0,Project_1,Active,4.0,Visual,Architect,0.0
E371,Employee_371,G1,Engineering,Austin,Python,TensorFlow,TM027,Data Analysis and Visualization,Analytics,15-01-2025,28-02-2025,40.0,Online,Completed,82.0,94.0,No,Medium,0.68,Mike Wilson,10.0,Project_80,Bench,3.6,Reading,Architect,0.0
E372,Employee_372,G2,Engineering,Seattle,JavaScript,React,TM032,Full Stack Web Development,Development,15-01-2025,28-02-2025,50.0,Hybrid,In Progress,78.0,83.0,No,Low,0.53,Jane Doe,10.0,Project_30,Bench,3.7,Hands-on,Senior Developer,0.0
E373,Employee_373,G10,QA,Seattle,Selenium,TestNG,TM028,Automated Testing with Selenium,Testing,15-01-2025,28-02-2025,30.0,Hybrid,Completed,87.0,73.0,Yes,High,0.24,Jane Doe,20.0,Project_63,Active,4.5,Hands-on,Senior Developer,0.0
E374,Employee_374,G5,IT Support,NY,Docker,Kubernetes,TM024,AWS Cloud Practitioner,Cloud,15-01-2025,28-02-2025,30.0,Online,Completed,94.0,0.0,No,High,0.18,Jane Doe,20.0,Project_94,Active,4.3,Hands-on,Tech Lead,1.0
E375,Employee_375,G8,Data Science,Austin,SQL,NumPy,TM037,Data Pipeline Engineering,Data Engineering,15-01-2025,28-02-2025,30.0,Hybrid,Completed,83.0,73.0,No,Medium,0.52,Mike Wilson,20.0,Project_9,Active,3.9,Hands-on,Architect,1.0
E376,Employee_376,G4,Data Science,Austin,SQL,NumPy,TM049,Data Pipeline Engineering,Data Engineering,15-01-2025,28-02-2025,40.0,Hybrid,Completed,71.0,88.0,Yes,Medium,0.67,Mike Wilson,15.0,Project_49,Bench,3.7,Hands-on,Tech Lead,0.0
E377,Employee_377,G4,Engineering,NY,Java,SQL,TM049,Cybersecurity Essentials,Security,15-01-2025,28-02-2025,30.0,Hybrid,Completed,85.0,76.0,Yes,Medium,0.23,John Smith,10.0,Project_43,Active,4.1,Hands-on,Tech Lead,0.0
E378,Employee_378,G4,QA,Seattle,Selenium,JUnit,TM002,Automated Testing with Selenium,Testing,15-01-2025,28-02-2025,40.0,Hybrid,Completed,81.0,70.0,No,High,0.41,Jane Doe,0.0,Project_28,Active,3.1,Visual,Senior Developer,0.0
E379,Employee_379,G7,Engineering,Austin,Python,Node.js,TM020,Full Stack Web Development,Development,15-01-2025,28-02-2025,50.0,Hybrid,Completed,81.0,73.0,Yes,High,0.76,Jane Doe,10.0,Project_77,Bench,3.2,Reading,Tech Lead,0.0
E380,Employee_380,G3,IT Support,Austin,JavaScript,SQL,TM027,Cybersecurity Essentials,Security,15-01-2025,28-02-2025,30.0,Online,Completed,76.0,80.0,Yes,Low,0.62,John Smith,0.0,Project_9,Active,3.4,Hands-on,Tech Lead,0.0
E381,Employee_381,G5,Engineering,SF,Java,Node.js,TM024,Backend API Development,Backend,15-01-2025,28-02-2025,30.0,Online,Completed,92.0,81.0,Yes,High,0.47,Jane Doe,10.0,Project_17,Active,3.5,Reading,Senior Developer,0.0
E382,Employee_382,G4,Data Science,NY,SQL,Pandas,TM004,Data Pipeline Engineering,Data Engineering,15-01-2025,28-02-2025,40.0,Online,Completed,81.0,71.0,Yes,High,0.44,John Smith,15.0,Project_12,Active,4.0,Reading,Data Scientist,0.0
E383,Employee_383,G10,QA,Austin,Python,SQL,TM014,Python Programming Fundamentals,Programming,15-01-2025,28-02-2025,60.0,Hybrid,In Progress,91.0,87.0,Yes,Low,0.37,John Smith,0.0,Project_26,Active,3.1,Visual,Data Scientist,1.0
E384,Employee_384,G10,IT Support,Seattle,Docker,Terraform,TM010,AWS Cloud Practitioner,Cloud,15-01-2025,28-02-2025,60.0,Hybrid,Completed,75.0,76.0,Yes,High,0.15,John Smith,20.0,Project_96,Bench,3.2,Visual,Tech Lead,1.0
E385,Employee_385,G10,Data Science,SF,R,TensorFlow,TM040,Data Pipeline Engineering,Data Engineering,15-01-2025,28-02-2025,40.0,Online,Completed,76.0,90.0,Yes,High,0.38,Mike Wilson,15.0,Project_18,Active,3.6,Hands-on,Tech Lead,0.0
E386,Employee_386,G10,Engineering,SF,R,NumPy,TM026,Data Analysis and Visualization,Analytics,15-01-2025,28-02-2025,60.0,Online,Completed,77.0,79.0,No,High,0.44,Mike Wilson,15.0,Project_54,Active,3.2,Visual,Senior Developer,0.0
E387,Employee_387,G2,Engineering,Boston,JavaScript,Node.js,TM019,Backend API Development,Backend,15-01-2025,28-02-2025,30.0,Online,In Progress,96.0,0.0,No,Low,0.62,Jane Doe,0.0,Project_86,Active,3.0,Reading,Tech Lead,1.0
E388,Employee_388,G7,Data Science,Boston,Python,Docker,TM013,Cybersecurity Essentials,Security,15-01-2025,28-02-2025,30.0,Online,In Progress,82.0,0.0,Yes,Low,0.43,Mike Wilson,20.0,Project_28,Active,3.5,Hands-on,Tech Lead,0.0
E389,Employee_389,G10,IT Support,Boston,Python,Git,TM045,Python Programming Fundamentals,Programming,15-01-2025,28-02-2025,30.0,Online,In Progress,82.0,0.0,Yes,Medium,0.4,Mike Wilson,0.0,Project_25,Active,3.7,Hands-on,Data Scientist,0.0
E390,Employee_390,G5,Engineering,SF,Linux,Kubernetes,TM046,AWS Cloud Practitioner,Cloud,15-01-2025,28-02-2025,40.0,Online,Completed,82.0,83.0,Yes,High,0.54,Mike Wilson,20.0,Project_72,Bench,4.8,Reading,Senior Developer,0.0
E391,Employee_391,G5,QA,SF,Postman,TestNG,TM012,Automated Testing with Selenium,Testing,15-01-2025,28-02-2025,40.0,Hybrid,In Progress,85.0,94.0,Yes,High,0.54,John Smith,0.0,Project_53,Active,4.7,Reading,Senior Developer,0.0
E392,Employee_392,G9,IT Support,SF,Linux,Kubernetes,TM015,DevOps and CI/CD Pipeline,DevOps,15-01-2025,28-02-2025,60.0,Hybrid,In Progress,89.0,0.0,Yes,High,0.35,Mike Wilson,15.0,Project_88,Active,4.6,Reading,Tech Lead,0.0
E393,Employee_393,G6,Data Science,NY,Python,TensorFlow,TM004,Data Analysis and Visualization,Analytics,15-01-2025,28-02-2025,50.0,Online,Completed,93.0,0.0,No,Medium,0.63,Mike Wilson,15.0,Project_98,Bench,3.8,Visual,Data Scientist,0.0
E394,Employee_394,G4,IT Support,NY,Linux,Terraform,TM022,Linux System Administration,Infrastructure,15-01-2025,28-02-2025,40.0,Online,In Progress,97.0,0.0,Yes,High,0.71,Mike Wilson,10.0,Project_87,Active,3.1,Reading,Data Scientist,0.0
E395,Employee_395,G5,Engineering,Boston,Python,React,TM019,Full Stack Web Development,Development,15-01-2025,28-02-2025,40.0,Online,Completed,99.0,89.0,No,High,0.26,John Smith,20.0,Project_34,Bench,3.0,Visual,Senior Developer,0.0
E396,Employee_396,G5,Data Science,Austin,SQL,TensorFlow,TM021,Data Pipeline Engineering,Data Engineering,15-01-2025,28-02-2025,60.0,Online,In Progress,76.0,90.0,Yes,High,0.11,Jane Doe,15.0,Project_52,Active,3.8,Reading,Architect,1.0
E397,Employee_397,G1,Engineering,Seattle,Java,Git,TM049,Cybersecurity Essentials,Security,15-01-2025,28-02-2025,60.0,Hybrid,Completed,100.0,70.0,No,High,0.76,Jane Doe,15.0,Project_20,Active,4.6,Hands-on,Data Scientist,0.0
E398,Employee_398,G6,Engineering,NY,JavaScript,Spring,TM001,Backend API Development,Backend,15-01-2025,28-02-2025,30.0,Online,In Progress,72.0,0.0,Yes,High,0.46,Mike Wilson,20.0,Project_52,Active,4.6,Reading,Data Scientist,1.0
E399,Employee_399,G3,Engineering,NY,Python,Docker,TM017,Python Programming Fundamentals,Programming,15-01-2025,28-02-2025,30.0,Hybrid,In Progress,93.0,0.0,Yes,Low,0.48,John Smith,15.0,Project_47,Active,4.2,Reading,Senior Developer,0.0
E400,Employee_400,G2,Data Science,NY,JavaScript,Docker,TM039,Python Programming Fundamentals,Programming,15-01-2025,28-02-2025,60.0,Hybrid,Completed,75.0,0.0,Yes,Low,0.14,Mike Wilson,20.0,Project_14,Active,3.2,Reading,Data Scientist,0.0
