Employee_ID,Associate_Name,Department,Evaluation_Result,Skill_Feedback_1,Skill_Feedback_2,Skill_Feedback_3,Overall_Feedback,Sentiment,Predicted_Sentiment,Final_Feedback
11613,Rohan Chopra,Operations,Approve,Deep understanding of SQL with practical experience and proven track record.,Excellent DBMS proficiency with advanced problem-solving and technical depth.,Outstanding RDBMS skills with strong ability in optimization and advanced techniques.,Associate showed exceptional technical aptitude and is well-prepared for project deployment.,positive,positive,Ready for advancement. Demonstrates strong capabilities and readiness for growth.
11588,Kavya Reddy,Operations,Conditional,Basic SQL knowledge but needs improvement in complex scenarios and optimization.,Adequate DBMS knowledge for standard tasks but needs improvement in complex scenarios.,Adequate RDBMS knowledge for standard tasks but needs improvement in complex scenarios.,Associate is suitable for junior technical roles with proper guidance.,neutral,neutral,Conditional progression. Shows promise but requires targeted development in identified areas.
11514,Kavya Desai,Support,Approve,Outstanding SQL skills with strong ability in optimization and advanced techniques.,Strong command over DBMS fundamentals with ability to design efficient and scalable solutions.,Comprehensive knowledge of RDBMS concepts with clear understanding of advanced implementations.,Associate demonstrates strong technical foundation and is ready for deployment.,positive,positive,Ready for advancement. Demonstrates strong capabilities and readiness for growth.
11285,Shreya Sharma,Support,Reject,Failed to demonstrate basic SQL competency. Lacks understanding of fundamental concepts.,Failed to demonstrate basic DBMS competency. Lacks understanding of fundamental concepts.,Unable to answer fundamental RDBMS questions and lacks confidence in basic concepts.,Associate needs significant upskilling before any technical role assignment.,negative,negative,Requires improvement. Needs additional support and training with mentorship.
11443,Shreya Singh,Support,Reject,Poor understanding of SQL concepts. Struggled with basic questions and practical implementation.,Poor understanding of DBMS concepts. Struggled with basic questions and practical implementation.,Insufficient knowledge of RDBMS principles. Unable to apply basic concepts.,Associate needs intensive foundational training and hands-on practice.,negative,negative,Requires improvement. Needs additional support and training with mentorship.
11185,Arjun Rao,Marketing,Approve,Outstanding SQL skills with strong ability in optimization and advanced techniques.,Exceptional DBMS expertise with ability to solve complex problems and optimize performance.,Comprehensive knowledge of RDBMS concepts with clear understanding of advanced implementations.,Associate is ready for complex technical assignments with proven skills.,positive,positive,Ready for advancement. Demonstrates strong capabilities and readiness for growth.
11666,Neha Khan,Marketing,Conditional,Acceptable SQL foundation but requires hands-on practice in complex implementations.,Satisfactory DBMS knowledge with room for improvement in performance optimization.,Adequate RDBMS knowledge for standard tasks but needs improvement in complex scenarios.,Associate can handle routine work with proper training and supervision.,neutral,neutral,Conditional progression. Shows promise but requires targeted development in identified areas.
11456,Shreya Gupta,Sales,Conditional,Satisfactory SQL knowledge with room for improvement in performance optimization.,Moderate understanding of DBMS concepts but lacks clarity in advanced principles.,Basic RDBMS knowledge but needs improvement in complex scenarios and optimization.,Associate has potential but requires targeted training in specific areas.,neutral,neutral,Conditional progression. Shows promise but requires targeted development in identified areas.
11482,Amit Sinha,Support,Approve,Excellent SQL proficiency with advanced problem-solving and technical depth.,Outstanding DBMS skills with strong ability in optimization and advanced techniques.,Outstanding RDBMS skills with strong ability in optimization and advanced techniques.,Associate demonstrates strong technical foundation and is ready for deployment.,positive,positive,Ready for advancement. Demonstrates strong capabilities and readiness for growth.
11453,Ritu Verma,IT,Approve,Demonstrated strong SQL proficiency with excellent query optimization techniques and best practices.,Excellent DBMS proficiency with advanced problem-solving and technical depth.,Comprehensive knowledge of RDBMS concepts with clear understanding of advanced implementations.,Associate demonstrates outstanding technical capabilities and is ready for advanced assignments.,positive,positive,Ready for advancement. Demonstrates strong capabilities and readiness for growth.
11489,Rohan Mishra,HR,Approve,Strong command over SQL fundamentals with ability to design efficient and scalable solutions.,Outstanding DBMS skills with strong ability in optimization and advanced techniques.,Exceptional RDBMS expertise with ability to solve complex problems and optimize performance.,Associate demonstrates strong technical foundation and is ready for deployment.,positive,positive,Ready for advancement. Demonstrates strong capabilities and readiness for growth.
11465,Manisha Sharma,Support,Conditional,Adequate SQL knowledge for standard tasks but needs improvement in complex scenarios.,Adequate DBMS knowledge for standard tasks but needs improvement in complex scenarios.,Adequate RDBMS knowledge for standard tasks but needs improvement in complex scenarios.,Associate has potential but requires targeted training in specific areas.,neutral,neutral,Conditional progression. Shows promise but requires targeted development in identified areas.
11522,Rohan Iyer,IT,Conditional,Basic SQL knowledge but needs improvement in complex scenarios and optimization.,Fair DBMS knowledge with ability to handle routine tasks but limited advanced expertise.,Satisfactory RDBMS knowledge with room for improvement in performance optimization.,Associate shows promise but requires structured training and mentoring.,neutral,neutral,Conditional progression. Shows promise but requires targeted development in identified areas.
11359,Naveen Gupta,Support,Approve,Outstanding SQL skills with strong ability in optimization and advanced techniques.,Comprehensive knowledge of DBMS concepts with clear understanding of advanced implementations.,Deep understanding of RDBMS with practical experience and proven track record.,Associate is well-prepared for immediate project deployment with strong capabilities.,positive,positive,Ready for advancement. Demonstrates strong capabilities and readiness for growth.
11580,Ritu Reddy,Sales,Approve,Comprehensive knowledge of SQL concepts with clear understanding of advanced implementations.,Exceptional DBMS expertise with ability to solve complex problems and optimize performance.,Strong command over RDBMS fundamentals with ability to design efficient and scalable solutions.,Associate is well-prepared for immediate project deployment with strong capabilities.,positive,positive,Ready for advancement. Demonstrates strong capabilities and readiness for growth.
11259,Nikhil Mishra,Engineering,Conditional,Moderate understanding of SQL concepts but lacks clarity in advanced principles.,Basic DBMS knowledge but needs improvement in complex scenarios and optimization.,Fair RDBMS knowledge with ability to handle routine tasks but limited advanced expertise.,Associate can handle routine work with proper training and supervision.,neutral,neutral,Conditional progression. Shows promise but requires targeted development in identified areas.
11208,Priyanka Verma,HR,Conditional,Moderate understanding of SQL concepts but lacks clarity in advanced principles.,Adequate DBMS knowledge for standard tasks but needs improvement in complex scenarios.,Fair RDBMS knowledge with ability to handle routine tasks but limited advanced expertise.,Associate shows promise but requires structured training and mentoring.,neutral,neutral,Conditional progression. Shows promise but requires targeted development in identified areas.
11239,Sanjay Mishra,Support,Reject,Poor understanding of SQL concepts. Struggled with basic questions and practical implementation.,Poor understanding of DBMS concepts. Struggled with basic questions and practical implementation.,Unable to answer fundamental RDBMS questions and lacks confidence in basic concepts.,Associate needs intensive foundational training and hands-on practice.,negative,negative,Requires improvement. Needs additional support and training with mentorship.
11307,Kavya Verma,Sales,Conditional,Adequate SQL knowledge for standard tasks but needs improvement in complex scenarios.,Adequate DBMS knowledge for standard tasks but needs improvement in complex scenarios.,Moderate understanding of RDBMS concepts but lacks clarity in advanced principles.,Associate can handle routine work with proper training and supervision.,neutral,neutral,Conditional progression. Shows promise but requires targeted development in identified areas.
11217,Anjali Sharma,IT,Conditional,Moderate understanding of SQL concepts but lacks clarity in advanced principles.,Fair DBMS knowledge with ability to handle routine tasks but limited advanced expertise.,Basic RDBMS knowledge but needs improvement in complex scenarios and optimization.,Associate suitable for junior roles with proper training support.,neutral,neutral,Conditional progression. Shows promise but requires targeted development in identified areas.
11312,Raj Reddy,Marketing,Conditional,Adequate SQL knowledge for standard tasks but needs improvement in complex scenarios.,Fair DBMS knowledge with ability to handle routine tasks but limited advanced expertise.,Satisfactory RDBMS knowledge with room for improvement in performance optimization.,Associate suitable for junior roles with proper training support.,neutral,neutral,Conditional progression. Shows promise but requires targeted development in identified areas.
11284,Priyanka Verma,Engineering,Conditional,Adequate SQL knowledge for standard tasks but needs improvement in complex scenarios.,Fair DBMS knowledge with ability to handle routine tasks but limited advanced expertise.,Acceptable RDBMS foundation but requires hands-on practice in complex implementations.,Associate is suitable for junior technical roles with proper guidance.,neutral,neutral,Conditional progression. Shows promise but requires targeted development in identified areas.
11209,Vikram Reddy,Finance,Approve,Exceptional SQL expertise with ability to solve complex problems and optimize performance.,Comprehensive knowledge of DBMS concepts with clear understanding of advanced implementations.,Excellent RDBMS proficiency with advanced problem-solving and technical depth.,Associate demonstrates outstanding technical capabilities and is ready for advanced assignments.,positive,positive,Ready for advancement. Demonstrates strong capabilities and readiness for growth.
11498,Alok Mishra,Support,Approve,Excellent SQL proficiency with advanced problem-solving and technical depth.,Excellent DBMS proficiency with advanced problem-solving and technical depth.,Deep understanding of RDBMS with practical experience and proven track record.,Associate is well-prepared for immediate project deployment with strong capabilities.,positive,positive,Ready for advancement. Demonstrates strong capabilities and readiness for growth.
11283,Sameer Gupta,IT,Reject,Insufficient knowledge of SQL principles. Unable to apply basic concepts.,Unable to demonstrate DBMS proficiency. Shows lack of confidence and understanding.,Weak understanding of RDBMS concepts and unable to explain basic principles clearly.,Associate needs comprehensive training before consideration for technical role.,negative,negative,Requires improvement. Needs additional support and training with mentorship.
11538,Priyanka Khan,Marketing,Approve,Comprehensive knowledge of SQL concepts with clear understanding of advanced implementations.,Strong command over DBMS fundamentals with ability to design efficient and scalable solutions.,Deep understanding of RDBMS with practical experience and proven track record.,Associate is well-prepared for immediate project deployment with strong capabilities.,positive,positive,Ready for advancement. Demonstrates strong capabilities and readiness for growth.
11445,Deepa Verma,Engineering,Conditional,Satisfactory SQL knowledge with room for improvement in performance optimization.,Adequate DBMS knowledge for standard tasks but needs improvement in complex scenarios.,Moderate understanding of RDBMS concepts but lacks clarity in advanced principles.,Associate suitable for junior roles with proper training support.,neutral,neutral,Conditional progression. Shows promise but requires targeted development in identified areas.
11536,Manisha Joshi,Sales,Reject,Poor understanding of SQL concepts. Struggled with basic questions and practical implementation.,Failed to demonstrate basic DBMS competency. Lacks understanding of fundamental concepts.,Weak understanding of RDBMS concepts and unable to explain basic principles clearly.,Associate needs intensive foundational training and hands-on practice.,negative,negative,Requires improvement. Needs additional support and training with mentorship.
11305,Neha Sharma,Sales,Approve,Demonstrated strong SQL proficiency with excellent query optimization techniques and best practices.,Deep understanding of DBMS with practical experience and proven track record.,Outstanding RDBMS skills with strong ability in optimization and advanced techniques.,Associate is ready for complex technical assignments with proven skills.,positive,positive,Ready for advancement. Demonstrates strong capabilities and readiness for growth.
11421,Arjun Gupta,Support,Approve,Demonstrated strong SQL proficiency with excellent query optimization techniques and best practices.,Deep understanding of DBMS with practical experience and proven track record.,Outstanding RDBMS skills with strong ability in optimization and advanced techniques.,Associate is well-prepared for immediate project deployment with strong capabilities.,positive,positive,Ready for advancement. Demonstrates strong capabilities and readiness for growth.
11558,Arun Reddy,Support,Conditional,Fair SQL knowledge with ability to handle routine tasks but limited advanced expertise.,Acceptable DBMS foundation but requires hands-on practice in complex implementations.,Basic RDBMS knowledge but needs improvement in complex scenarios and optimization.,Associate has potential but requires targeted training in specific areas.,neutral,neutral,Conditional progression. Shows promise but requires targeted development in identified areas.
11646,Naveen Chopra,Engineering,Approve,Exceptional SQL expertise with ability to solve complex problems and optimize performance.,Outstanding DBMS skills with strong ability in optimization and advanced techniques.,Comprehensive knowledge of RDBMS concepts with clear understanding of advanced implementations.,Associate is well-prepared for technical assignments with strong analytical thinking.,positive,positive,Ready for advancement. Demonstrates strong capabilities and readiness for growth.
11661,Nikhil Desai,Finance,Conditional,Adequate SQL knowledge for standard tasks but needs improvement in complex scenarios.,Fair DBMS knowledge with ability to handle routine tasks but limited advanced expertise.,Fair RDBMS knowledge with ability to handle routine tasks but limited advanced expertise.,Associate is suitable for junior technical roles with proper guidance.,neutral,neutral,Conditional progression. Shows promise but requires targeted development in identified areas.
11369,Kavya Joshi,Engineering,Conditional,Adequate SQL knowledge for standard tasks but needs improvement in complex scenarios.,Satisfactory DBMS knowledge with room for improvement in performance optimization.,Adequate RDBMS knowledge for standard tasks but needs improvement in complex scenarios.,Associate can handle routine work with proper training and supervision.,neutral,neutral,Conditional progression. Shows promise but requires targeted development in identified areas.
11356,Neetu Joshi,IT,Reject,Failed to demonstrate basic SQL competency. Lacks understanding of fundamental concepts.,Weak understanding of DBMS concepts and unable to explain basic principles clearly.,Insufficient knowledge of RDBMS principles. Unable to apply basic concepts.,Associate needs comprehensive technical training before any tech assignment.,negative,negative,Requires improvement. Needs additional support and training with mentorship.
11273,Harshita Sinha,Engineering,Conditional,Acceptable SQL foundation but requires hands-on practice in complex implementations.,Fair DBMS knowledge with ability to handle routine tasks but limited advanced expertise.,Moderate understanding of RDBMS concepts but lacks clarity in advanced principles.,Associate has potential but requires targeted training in specific areas.,neutral,neutral,Conditional progression. Shows promise but requires targeted development in identified areas.
11584,Kavya Patel,Sales,Conditional,Moderate understanding of SQL concepts but lacks clarity in advanced principles.,Adequate DBMS knowledge for standard tasks but needs improvement in complex scenarios.,Moderate understanding of RDBMS concepts but lacks clarity in advanced principles.,Associate can work on routine technical tasks with supervision.,neutral,neutral,Conditional progression. Shows promise but requires targeted development in identified areas.
11336,Arun Singh,Operations,Approve,Strong command over SQL fundamentals with ability to design efficient and scalable solutions.,Excellent DBMS proficiency with advanced problem-solving and technical depth.,Deep understanding of RDBMS with practical experience and proven track record.,Associate is well-prepared for technical assignments with strong analytical thinking.,positive,positive,Ready for advancement. Demonstrates strong capabilities and readiness for growth.
11597,Sneha Chopra,HR,Reject,Poor understanding of SQL concepts. Struggled with basic questions and practical implementation.,Insufficient knowledge of DBMS principles. Unable to apply basic concepts.,Insufficient knowledge of RDBMS principles. Unable to apply basic concepts.,Associate requires intensive training program before consideration for any role.,negative,negative,Requires improvement. Needs additional support and training with mentorship.
11395,Amit Sharma,IT,Approve,Exceptional SQL expertise with ability to solve complex problems and optimize performance.,Demonstrated strong DBMS proficiency with excellent query optimization techniques and best practices.,Outstanding RDBMS skills with strong ability in optimization and advanced techniques.,Associate showed exceptional technical aptitude and is well-prepared for project deployment.,positive,positive,Ready for advancement. Demonstrates strong capabilities and readiness for growth.
11523,Priyanka Nair,Support,Approve,Comprehensive knowledge of SQL concepts with clear understanding of advanced implementations.,Deep understanding of DBMS with practical experience and proven track record.,Deep understanding of RDBMS with practical experience and proven track record.,Associate is well-prepared for immediate project deployment with strong capabilities.,positive,positive,Ready for advancement. Demonstrates strong capabilities and readiness for growth.
11233,Vikram Patel,Operations,Approve,Excellent SQL proficiency with advanced problem-solving and technical depth.,Excellent DBMS proficiency with advanced problem-solving and technical depth.,Demonstrated strong RDBMS proficiency with excellent query optimization techniques and best practices.,Associate demonstrates outstanding technical capabilities and is ready for advanced assignments.,positive,positive,Ready for advancement. Demonstrates strong capabilities and readiness for growth.
11582,Meera Iyer,Engineering,Reject,Poor understanding of SQL concepts. Struggled with basic questions and practical implementation.,Unable to answer fundamental DBMS questions and lacks confidence in basic concepts.,Unable to answer fundamental RDBMS questions and lacks confidence in basic concepts.,Associate needs comprehensive technical training before any tech assignment.,negative,negative,Requires improvement. Needs additional support and training with mentorship.
11268,Abhishek Yadav,Engineering,Approve,Exceptional SQL expertise with ability to solve complex problems and optimize performance.,Exceptional DBMS expertise with ability to solve complex problems and optimize performance.,Demonstrated strong RDBMS proficiency with excellent query optimization techniques and best practices.,Associate demonstrates strong technical foundation and is ready for deployment.,positive,positive,Ready for advancement. Demonstrates strong capabilities and readiness for growth.
11639,Pooja Sharma,Support,Reject,Poor understanding of SQL concepts. Struggled with basic questions and practical implementation.,Unable to demonstrate DBMS proficiency. Shows lack of confidence and understanding.,Unable to demonstrate RDBMS proficiency. Shows lack of confidence and understanding.,Associate needs intensive foundational training and hands-on practice.,negative,negative,Requires improvement. Needs additional support and training with mentorship.
11543,Rajesh Sharma,Support,Conditional,Acceptable SQL foundation but requires hands-on practice in complex implementations.,Satisfactory DBMS knowledge with room for improvement in performance optimization.,Acceptable RDBMS foundation but requires hands-on practice in complex implementations.,Associate can work on routine technical tasks with supervision.,neutral,neutral,Conditional progression. Shows promise but requires targeted development in identified areas.
11468,Amit Kaur,HR,Conditional,Acceptable SQL foundation but requires hands-on practice in complex implementations.,Acceptable DBMS foundation but requires hands-on practice in complex implementations.,Basic RDBMS knowledge but needs improvement in complex scenarios and optimization.,Associate suitable for junior roles with proper training support.,neutral,neutral,Conditional progression. Shows promise but requires targeted development in identified areas.
11573,Sanjay Yadav,IT,Reject,Failed to demonstrate basic SQL competency. Lacks understanding of fundamental concepts.,Insufficient knowledge of DBMS principles. Unable to apply basic concepts.,Unable to demonstrate RDBMS proficiency. Shows lack of confidence and understanding.,Associate needs significant upskilling before any technical role assignment.,negative,negative,Requires improvement. Needs additional support and training with mentorship.
11272,Sneha Desai,Marketing,Approve,Deep understanding of SQL with practical experience and proven track record.,Deep understanding of DBMS with practical experience and proven track record.,Demonstrated strong RDBMS proficiency with excellent query optimization techniques and best practices.,Associate is well-prepared for immediate project deployment with strong capabilities.,positive,positive,Ready for advancement. Demonstrates strong capabilities and readiness for growth.
11611,Priya Iyer,Marketing,Reject,Failed to demonstrate basic SQL competency. Lacks understanding of fundamental concepts.,Unable to answer fundamental DBMS questions and lacks confidence in basic concepts.,Unable to answer fundamental RDBMS questions and lacks confidence in basic concepts.,Associate needs comprehensive training before consideration for technical role.,negative,negative,Requires improvement. Needs additional support and training with mentorship.
11649,Meera Sinha,IT,Conditional,Adequate SQL knowledge for standard tasks but needs improvement in complex scenarios.,Fair DBMS knowledge with ability to handle routine tasks but limited advanced expertise.,Adequate RDBMS knowledge for standard tasks but needs improvement in complex scenarios.,Associate can work on routine technical tasks with supervision.,neutral,neutral,Conditional progression. Shows promise but requires targeted development in identified areas.
11548,Raj Chopra,Finance,Reject,Unable to demonstrate SQL proficiency. Shows lack of confidence and understanding.,Failed to demonstrate basic DBMS competency. Lacks understanding of fundamental concepts.,Failed to demonstrate basic RDBMS competency. Lacks understanding of fundamental concepts.,Associate requires intensive training program before consideration for any role.,negative,negative,Requires improvement. Needs additional support and training with mentorship.
11390,Rajesh Nair,Sales,Conditional,Adequate SQL knowledge for standard tasks but needs improvement in complex scenarios.,Satisfactory DBMS knowledge with room for improvement in performance optimization.,Fair RDBMS knowledge with ability to handle routine tasks but limited advanced expertise.,Associate can handle routine work with proper training and supervision.,neutral,neutral,Conditional progression. Shows promise but requires targeted development in identified areas.
11406,Meera Mishra,Support,Approve,Strong command over SQL fundamentals with ability to design efficient and scalable solutions.,Strong command over DBMS fundamentals with ability to design efficient and scalable solutions.,Outstanding RDBMS skills with strong ability in optimization and advanced techniques.,Associate is well-prepared for immediate project deployment with strong capabilities.,positive,positive,Ready for advancement. Demonstrates strong capabilities and readiness for growth.
11504,Manisha Iyer,Support,Approve,Demonstrated strong SQL proficiency with excellent query optimization techniques and best practices.,Excellent DBMS proficiency with advanced problem-solving and technical depth.,Excellent RDBMS proficiency with advanced problem-solving and technical depth.,Associate demonstrates strong technical foundation and is ready for deployment.,positive,positive,Ready for advancement. Demonstrates strong capabilities and readiness for growth.
11418,Neha Sinha,Engineering,Reject,Poor understanding of SQL concepts. Struggled with basic questions and practical implementation.,Weak understanding of DBMS concepts and unable to explain basic principles clearly.,Failed to demonstrate basic RDBMS competency. Lacks understanding of fundamental concepts.,Associate needs intensive foundational training and hands-on practice.,negative,negative,Requires improvement. Needs additional support and training with mentorship.
11616,Shreya Sinha,Marketing,Reject,Poor understanding of SQL concepts. Struggled with basic questions and practical implementation.,Unable to demonstrate DBMS proficiency. Shows lack of confidence and understanding.,Poor understanding of RDBMS concepts. Struggled with basic questions and practical implementation.,Associate needs foundational training before any role assignment.,negative,negative,Requires improvement. Needs additional support and training with mentorship.
11467,Vikram Kaur,Operations,Approve,Demonstrated strong SQL proficiency with excellent query optimization techniques and best practices.,Strong command over DBMS fundamentals with ability to design efficient and scalable solutions.,Excellent RDBMS proficiency with advanced problem-solving and technical depth.,Associate is well-prepared for technical assignments with strong analytical thinking.,positive,positive,Ready for advancement. Demonstrates strong capabilities and readiness for growth.
11520,Priya Sinha,Engineering,Conditional,Adequate SQL knowledge for standard tasks but needs improvement in complex scenarios.,Moderate understanding of DBMS concepts but lacks clarity in advanced principles.,Satisfactory RDBMS knowledge with room for improvement in performance optimization.,Associate can handle routine work with proper training and supervision.,neutral,neutral,Conditional progression. Shows promise but requires targeted development in identified areas.
11556,Rohan Desai,Engineering,Approve,Strong command over SQL fundamentals with ability to design efficient and scalable solutions.,Excellent DBMS proficiency with advanced problem-solving and technical depth.,Strong command over RDBMS fundamentals with ability to design efficient and scalable solutions.,Associate is well-prepared for technical assignments with strong analytical thinking.,positive,positive,Ready for advancement. Demonstrates strong capabilities and readiness for growth.
11599,Naveen Joshi,HR,Approve,Deep understanding of SQL with practical experience and proven track record.,Outstanding DBMS skills with strong ability in optimization and advanced techniques.,Comprehensive knowledge of RDBMS concepts with clear understanding of advanced implementations.,Associate is well-prepared for technical assignments with strong analytical thinking.,positive,positive,Ready for advancement. Demonstrates strong capabilities and readiness for growth.
11177,Neha Sinha,IT,Reject,Insufficient knowledge of SQL principles. Unable to apply basic concepts.,Unable to demonstrate DBMS proficiency. Shows lack of confidence and understanding.,Weak understanding of RDBMS concepts and unable to explain basic principles clearly.,Associate needs foundational training before any role assignment.,negative,negative,Requires improvement. Needs additional support and training with mentorship.
11608,Pooja Desai,Engineering,Conditional,Basic SQL knowledge but needs improvement in complex scenarios and optimization.,Basic DBMS knowledge but needs improvement in complex scenarios and optimization.,Acceptable RDBMS foundation but requires hands-on practice in complex implementations.,Associate can handle routine work with proper training and supervision.,neutral,neutral,Conditional progression. Shows promise but requires targeted development in identified areas.
11329,Vikram Saxena,Marketing,Conditional,Fair SQL knowledge with ability to handle routine tasks but limited advanced expertise.,Basic DBMS knowledge but needs improvement in complex scenarios and optimization.,Basic RDBMS knowledge but needs improvement in complex scenarios and optimization.,Associate suitable for junior roles with proper training support.,neutral,neutral,Conditional progression. Shows promise but requires targeted development in identified areas.
11488,Pooja Bhatt,Sales,Approve,Demonstrated strong SQL proficiency with excellent query optimization techniques and best practices.,Strong command over DBMS fundamentals with ability to design efficient and scalable solutions.,Excellent RDBMS proficiency with advanced problem-solving and technical depth.,Associate demonstrates strong technical foundation and is ready for deployment.,positive,positive,Ready for advancement. Demonstrates strong capabilities and readiness for growth.
11530,Akshay Singh,Marketing,Approve,Outstanding SQL skills with strong ability in optimization and advanced techniques.,Excellent DBMS proficiency with advanced problem-solving and technical depth.,Excellent RDBMS proficiency with advanced problem-solving and technical depth.,Associate demonstrates outstanding technical capabilities and is ready for advanced assignments.,positive,positive,Ready for advancement. Demonstrates strong capabilities and readiness for growth.
11181,Rohan Sharma,Finance,Reject,Unable to demonstrate SQL proficiency. Shows lack of confidence and understanding.,Poor understanding of DBMS concepts. Struggled with basic questions and practical implementation.,Poor understanding of RDBMS concepts. Struggled with basic questions and practical implementation.,Associate needs foundational training before any role assignment.,negative,negative,Requires improvement. Needs additional support and training with mentorship.
11469,Naveen Yadav,Support,Approve,Demonstrated strong SQL proficiency with excellent query optimization techniques and best practices.,Strong command over DBMS fundamentals with ability to design efficient and scalable solutions.,Deep understanding of RDBMS with practical experience and proven track record.,Associate is well-prepared for immediate project deployment with strong capabilities.,positive,positive,Ready for advancement. Demonstrates strong capabilities and readiness for growth.
11226,Neha Verma,Finance,Approve,Strong command over SQL fundamentals with ability to design efficient and scalable solutions.,Deep understanding of DBMS with practical experience and proven track record.,Comprehensive knowledge of RDBMS concepts with clear understanding of advanced implementations.,Associate demonstrates outstanding technical capabilities and is ready for advanced assignments.,positive,positive,Ready for advancement. Demonstrates strong capabilities and readiness for growth.
11586,Harshita Yadav,Support,Approve,Deep understanding of SQL with practical experience and proven track record.,Excellent DBMS proficiency with advanced problem-solving and technical depth.,Outstanding RDBMS skills with strong ability in optimization and advanced techniques.,Associate demonstrates strong technical foundation and is ready for deployment.,positive,positive,Ready for advancement. Demonstrates strong capabilities and readiness for growth.
11261,Abhishek Bhatt,Sales,Conditional,Fair SQL knowledge with ability to handle routine tasks but limited advanced expertise.,Moderate understanding of DBMS concepts but lacks clarity in advanced principles.,Acceptable RDBMS foundation but requires hands-on practice in complex implementations.,Associate can handle routine work with proper training and supervision.,neutral,neutral,Conditional progression. Shows promise but requires targeted development in identified areas.
11278,Priya Singh,HR,Approve,Excellent SQL proficiency with advanced problem-solving and technical depth.,Demonstrated strong DBMS proficiency with excellent query optimization techniques and best practices.,Deep understanding of RDBMS with practical experience and proven track record.,Associate is well-prepared for immediate project deployment with strong capabilities.,positive,positive,Ready for advancement. Demonstrates strong capabilities and readiness for growth.
11598,Harshita Singh,HR,Approve,Outstanding SQL skills with strong ability in optimization and advanced techniques.,Demonstrated strong DBMS proficiency with excellent query optimization techniques and best practices.,Outstanding RDBMS skills with strong ability in optimization and advanced techniques.,Associate is well-prepared for immediate project deployment with strong capabilities.,positive,positive,Ready for advancement. Demonstrates strong capabilities and readiness for growth.
11413,Naveen Kumar,Operations,Approve,Strong command over SQL fundamentals with ability to design efficient and scalable solutions.,Demonstrated strong DBMS proficiency with excellent query optimization techniques and best practices.,Demonstrated strong RDBMS proficiency with excellent query optimization techniques and best practices.,Associate demonstrates outstanding technical capabilities and is ready for advanced assignments.,positive,positive,Ready for advancement. Demonstrates strong capabilities and readiness for growth.
11419,Arun Kaur,IT,Reject,Unable to answer fundamental SQL questions and lacks confidence in basic concepts.,Poor understanding of DBMS concepts. Struggled with basic questions and practical implementation.,Failed to demonstrate basic RDBMS competency. Lacks understanding of fundamental concepts.,Associate requires intensive training program before consideration for any role.,negative,negative,Requires improvement. Needs additional support and training with mentorship.
11541,Sneha Khan,Operations,Approve,Deep understanding of SQL with practical experience and proven track record.,Outstanding DBMS skills with strong ability in optimization and advanced techniques.,Deep understanding of RDBMS with practical experience and proven track record.,Associate showed exceptional technical aptitude and is well-prepared for project deployment.,positive,positive,Ready for advancement. Demonstrates strong capabilities and readiness for growth.
11172,Amit Rao,HR,Conditional,Adequate SQL knowledge for standard tasks but needs improvement in complex scenarios.,Basic DBMS knowledge but needs improvement in complex scenarios and optimization.,Adequate RDBMS knowledge for standard tasks but needs improvement in complex scenarios.,Associate can handle routine work with proper training and supervision.,neutral,neutral,Conditional progression. Shows promise but requires targeted development in identified areas.
11473,Vikram Chopra,Marketing,Conditional,Basic SQL knowledge but needs improvement in complex scenarios and optimization.,Acceptable DBMS foundation but requires hands-on practice in complex implementations.,Moderate understanding of RDBMS concepts but lacks clarity in advanced principles.,Associate is suitable for junior technical roles with proper guidance.,neutral,neutral,Conditional progression. Shows promise but requires targeted development in identified areas.
11568,Arun Chopra,HR,Conditional,Adequate SQL knowledge for standard tasks but needs improvement in complex scenarios.,Moderate understanding of DBMS concepts but lacks clarity in advanced principles.,Moderate understanding of RDBMS concepts but lacks clarity in advanced principles.,Associate can handle routine work with proper training and supervision.,neutral,neutral,Conditional progression. Shows promise but requires targeted development in identified areas.
11309,Sameer Reddy,Operations,Reject,Weak understanding of SQL concepts and unable to explain basic principles clearly.,Unable to answer fundamental DBMS questions and lacks confidence in basic concepts.,Weak understanding of RDBMS concepts and unable to explain basic principles clearly.,Associate needs foundational training before any role assignment.,negative,negative,Requires improvement. Needs additional support and training with mentorship.
11288,Pooja Mishra,Sales,Reject,Weak understanding of SQL concepts and unable to explain basic principles clearly.,Insufficient knowledge of DBMS principles. Unable to apply basic concepts.,Insufficient knowledge of RDBMS principles. Unable to apply basic concepts.,Associate needs comprehensive training before consideration for technical role.,negative,negative,Requires improvement. Needs additional support and training with mentorship.
11266,Rajesh Rao,IT,Conditional,Fair SQL knowledge with ability to handle routine tasks but limited advanced expertise.,Satisfactory DBMS knowledge with room for improvement in performance optimization.,Adequate RDBMS knowledge for standard tasks but needs improvement in complex scenarios.,Associate can work on routine technical tasks with supervision.,neutral,neutral,Conditional progression. Shows promise but requires targeted development in identified areas.
11339,Rajesh Gupta,Sales,Conditional,Fair SQL knowledge with ability to handle routine tasks but limited advanced expertise.,Basic DBMS knowledge but needs improvement in complex scenarios and optimization.,Satisfactory RDBMS knowledge with room for improvement in performance optimization.,Associate shows promise but requires structured training and mentoring.,neutral,neutral,Conditional progression. Shows promise but requires targeted development in identified areas.
11526,Arjun Iyer,Support,Approve,Exceptional SQL expertise with ability to solve complex problems and optimize performance.,Deep understanding of DBMS with practical experience and proven track record.,Outstanding RDBMS skills with strong ability in optimization and advanced techniques.,Associate is well-prepared for immediate project deployment with strong capabilities.,positive,positive,Ready for advancement. Demonstrates strong capabilities and readiness for growth.
11242,Raj Verma,Operations,Approve,Deep understanding of SQL with practical experience and proven track record.,Strong command over DBMS fundamentals with ability to design efficient and scalable solutions.,Demonstrated strong RDBMS proficiency with excellent query optimization techniques and best practices.,Associate is well-prepared for immediate project deployment with strong capabilities.,positive,positive,Ready for advancement. Demonstrates strong capabilities and readiness for growth.
11636,Vikram Sharma,HR,Approve,Deep understanding of SQL with practical experience and proven track record.,Comprehensive knowledge of DBMS concepts with clear understanding of advanced implementations.,Outstanding RDBMS skills with strong ability in optimization and advanced techniques.,Associate demonstrates strong technical foundation and is ready for deployment.,positive,positive,Ready for advancement. Demonstrates strong capabilities and readiness for growth.
11634,Meera Verma,Engineering,Reject,Insufficient knowledge of SQL principles. Unable to apply basic concepts.,Weak understanding of DBMS concepts and unable to explain basic principles clearly.,Unable to answer fundamental RDBMS questions and lacks confidence in basic concepts.,Associate needs significant upskilling before any technical role assignment.,negative,negative,Requires improvement. Needs additional support and training with mentorship.
11397,Ritu Nair,IT,Approve,Strong command over SQL fundamentals with ability to design efficient and scalable solutions.,Excellent DBMS proficiency with advanced problem-solving and technical depth.,Outstanding RDBMS skills with strong ability in optimization and advanced techniques.,Associate is ready for complex technical assignments with proven skills.,positive,positive,Ready for advancement. Demonstrates strong capabilities and readiness for growth.
11375,Priya Kaur,HR,Approve,Exceptional SQL expertise with ability to solve complex problems and optimize performance.,Comprehensive knowledge of DBMS concepts with clear understanding of advanced implementations.,Excellent RDBMS proficiency with advanced problem-solving and technical depth.,Associate is ready for complex technical assignments with proven skills.,positive,positive,Ready for advancement. Demonstrates strong capabilities and readiness for growth.
11658,Pooja Kaur,Marketing,Reject,Failed to demonstrate basic SQL competency. Lacks understanding of fundamental concepts.,Unable to demonstrate DBMS proficiency. Shows lack of confidence and understanding.,Unable to demonstrate RDBMS proficiency. Shows lack of confidence and understanding.,Associate needs significant upskilling before any technical role assignment.,negative,negative,Requires improvement. Needs additional support and training with mentorship.
11551,Harshita Patel,Finance,Conditional,Moderate understanding of SQL concepts but lacks clarity in advanced principles.,Basic DBMS knowledge but needs improvement in complex scenarios and optimization.,Fair RDBMS knowledge with ability to handle routine tasks but limited advanced expertise.,Associate can work on routine technical tasks with supervision.,neutral,neutral,Conditional progression. Shows promise but requires targeted development in identified areas.
11187,Sneha Yadav,Sales,Conditional,Fair SQL knowledge with ability to handle routine tasks but limited advanced expertise.,Satisfactory DBMS knowledge with room for improvement in performance optimization.,Moderate understanding of RDBMS concepts but lacks clarity in advanced principles.,Associate can handle routine work with proper training and supervision.,neutral,neutral,Conditional progression. Shows promise but requires targeted development in identified areas.
11472,Sanjay Patel,HR,Conditional,Satisfactory SQL knowledge with room for improvement in performance optimization.,Satisfactory DBMS knowledge with room for improvement in performance optimization.,Adequate RDBMS knowledge for standard tasks but needs improvement in complex scenarios.,Associate has potential but requires targeted training in specific areas.,neutral,neutral,Conditional progression. Shows promise but requires targeted development in identified areas.
11604,Ritu Yadav,Sales,Approve,Comprehensive knowledge of SQL concepts with clear understanding of advanced implementations.,Comprehensive knowledge of DBMS concepts with clear understanding of advanced implementations.,Strong command over RDBMS fundamentals with ability to design efficient and scalable solutions.,Associate demonstrates outstanding technical capabilities and is ready for advanced assignments.,positive,positive,Ready for advancement. Demonstrates strong capabilities and readiness for growth.
11338,Arjun Chopra,Sales,Approve,Strong command over SQL fundamentals with ability to design efficient and scalable solutions.,Excellent DBMS proficiency with advanced problem-solving and technical depth.,Comprehensive knowledge of RDBMS concepts with clear understanding of advanced implementations.,Associate is ready for complex technical assignments with proven skills.,positive,positive,Ready for advancement. Demonstrates strong capabilities and readiness for growth.
11564,Shreya Iyer,HR,Approve,Comprehensive knowledge of SQL concepts with clear understanding of advanced implementations.,Exceptional DBMS expertise with ability to solve complex problems and optimize performance.,Comprehensive knowledge of RDBMS concepts with clear understanding of advanced implementations.,Associate is well-prepared for immediate project deployment with strong capabilities.,positive,positive,Ready for advancement. Demonstrates strong capabilities and readiness for growth.
11570,Sameer Joshi,IT,Approve,Exceptional SQL expertise with ability to solve complex problems and optimize performance.,Excellent DBMS proficiency with advanced problem-solving and technical depth.,Demonstrated strong RDBMS proficiency with excellent query optimization techniques and best practices.,Associate demonstrates strong technical foundation and is ready for deployment.,positive,positive,Ready for advancement. Demonstrates strong capabilities and readiness for growth.
11385,Naveen Kaur,IT,Approve,Deep understanding of SQL with practical experience and proven track record.,Comprehensive knowledge of DBMS concepts with clear understanding of advanced implementations.,Deep understanding of RDBMS with practical experience and proven track record.,Associate is ready for complex technical assignments with proven skills.,positive,positive,Ready for advancement. Demonstrates strong capabilities and readiness for growth.
11210,Harshita Sharma,Marketing,Approve,Demonstrated strong SQL proficiency with excellent query optimization techniques and best practices.,Demonstrated strong DBMS proficiency with excellent query optimization techniques and best practices.,Outstanding RDBMS skills with strong ability in optimization and advanced techniques.,Associate demonstrates strong technical foundation and is ready for deployment.,positive,positive,Ready for advancement. Demonstrates strong capabilities and readiness for growth.
11370,Kavya Sharma,Marketing,Conditional,Satisfactory SQL knowledge with room for improvement in performance optimization.,Acceptable DBMS foundation but requires hands-on practice in complex implementations.,Fair RDBMS knowledge with ability to handle routine tasks but limited advanced expertise.,Associate suitable for junior roles with proper training support.,neutral,neutral,Conditional progression. Shows promise but requires targeted development in identified areas.
