Employee_ID,Associate_Name,Department,Evaluation_Result,Skill_Feedback_1,Skill_Feedback_2,Skill_Feedback_3,Overall_Feedback,Sentiment,processed_feedback,Predicted_Sentiment,True_Sentiment,Correct
11613,Rohan Chopra,Operations,Approve,Deep understanding of SQL with practical experience and proven track record.,Excellent DBMS proficiency with advanced problem-solving and technical depth.,Outstanding RDBMS skills with strong ability in optimization and advanced techniques.,Associate showed exceptional technical aptitude and is well-prepared for project deployment.,positive,deep understanding sql practical experience proven track record excellent dbms proficiency advanced problemsolving technical depth outstanding rdbms skill strong ability optimization advanced technique associate showed exceptional technical aptitude wellprepared project deployment,positive,positive,True
11588,Kavya Reddy,Operations,Conditional,Basic SQL knowledge but needs improvement in complex scenarios and optimization.,Adequate DBMS knowledge for standard tasks but needs improvement in complex scenarios.,Adequate RDBMS knowledge for standard tasks but needs improvement in complex scenarios.,Associate is suitable for junior technical roles with proper guidance.,neutral,basic sql knowledge need improvement complex scenario optimization adequate dbms knowledge standard task need improvement complex scenario adequate rdbms knowledge standard task need improvement complex scenario associate suitable junior technical role proper guidance,neutral,neutral,True
11514,Kavya Desai,Support,Approve,Outstanding SQL skills with strong ability in optimization and advanced techniques.,Strong command over DBMS fundamentals with ability to design efficient and scalable solutions.,Comprehensive knowledge of RDBMS concepts with clear understanding of advanced implementations.,Associate demonstrates strong technical foundation and is ready for deployment.,positive,outstanding sql skill strong ability optimization advanced technique strong command dbms fundamental ability design efficient scalable solution comprehensive knowledge rdbms concept clear understanding advanced implementation associate demonstrates strong technical foundation ready deployment,positive,positive,True
11285,Shreya Sharma,Support,Reject,Failed to demonstrate basic SQL competency. Lacks understanding of fundamental concepts.,Failed to demonstrate basic DBMS competency. Lacks understanding of fundamental concepts.,Unable to answer fundamental RDBMS questions and lacks confidence in basic concepts.,Associate needs significant upskilling before any technical role assignment.,negative,failed demonstrate basic sql competency lack understanding fundamental concept failed demonstrate basic dbms competency lack understanding fundamental concept unable answer fundamental rdbms question lack confidence basic concept associate need significant upskilling technical role assignment,negative,negative,True
11443,Shreya Singh,Support,Reject,Poor understanding of SQL concepts. Struggled with basic questions and practical implementation.,Poor understanding of DBMS concepts. Struggled with basic questions and practical implementation.,Insufficient knowledge of RDBMS principles. Unable to apply basic concepts.,Associate needs intensive foundational training and hands-on practice.,negative,poor understanding sql concept struggled basic question practical implementation poor understanding dbms concept struggled basic question practical implementation insufficient knowledge rdbms principle unable apply basic concept associate need intensive foundational training handson practice,negative,negative,True
11185,Arjun Rao,Marketing,Approve,Outstanding SQL skills with strong ability in optimization and advanced techniques.,Exceptional DBMS expertise with ability to solve complex problems and optimize performance.,Comprehensive knowledge of RDBMS concepts with clear understanding of advanced implementations.,Associate is ready for complex technical assignments with proven skills.,positive,outstanding sql skill strong ability optimization advanced technique exceptional dbms expertise ability solve complex problem optimize performance comprehensive knowledge rdbms concept clear understanding advanced implementation associate ready complex technical assignment proven skill,positive,positive,True
11666,Neha Khan,Marketing,Conditional,Acceptable SQL foundation but requires hands-on practice in complex implementations.,Satisfactory DBMS knowledge with room for improvement in performance optimization.,Adequate RDBMS knowledge for standard tasks but needs improvement in complex scenarios.,Associate can handle routine work with proper training and supervision.,neutral,acceptable sql foundation requires handson practice complex implementation satisfactory dbms knowledge room improvement performance optimization adequate rdbms knowledge standard task need improvement complex scenario associate handle routine work proper training supervision,neutral,neutral,True
11456,Shreya Gupta,Sales,Conditional,Satisfactory SQL knowledge with room for improvement in performance optimization.,Moderate understanding of DBMS concepts but lacks clarity in advanced principles.,Basic RDBMS knowledge but needs improvement in complex scenarios and optimization.,Associate has potential but requires targeted training in specific areas.,neutral,satisfactory sql knowledge room improvement performance optimization moderate understanding dbms concept lack clarity advanced principle basic rdbms knowledge need improvement complex scenario optimization associate potential requires targeted training specific area,neutral,neutral,True
11482,Amit Sinha,Support,Approve,Excellent SQL proficiency with advanced problem-solving and technical depth.,Outstanding DBMS skills with strong ability in optimization and advanced techniques.,Outstanding RDBMS skills with strong ability in optimization and advanced techniques.,Associate demonstrates strong technical foundation and is ready for deployment.,positive,excellent sql proficiency advanced problemsolving technical depth outstanding dbms skill strong ability optimization advanced technique outstanding rdbms skill strong ability optimization advanced technique associate demonstrates strong technical foundation ready deployment,positive,positive,True
11453,Ritu Verma,IT,Approve,Demonstrated strong SQL proficiency with excellent query optimization techniques and best practices.,Excellent DBMS proficiency with advanced problem-solving and technical depth.,Comprehensive knowledge of RDBMS concepts with clear understanding of advanced implementations.,Associate demonstrates outstanding technical capabilities and is ready for advanced assignments.,positive,demonstrated strong sql proficiency excellent query optimization technique best practice excellent dbms proficiency advanced problemsolving technical depth comprehensive knowledge rdbms concept clear understanding advanced implementation associate demonstrates outstanding technical capability ready advanced assignment,positive,positive,True
11489,Rohan Mishra,HR,Approve,Strong command over SQL fundamentals with ability to design efficient and scalable solutions.,Outstanding DBMS skills with strong ability in optimization and advanced techniques.,Exceptional RDBMS expertise with ability to solve complex problems and optimize performance.,Associate demonstrates strong technical foundation and is ready for deployment.,positive,strong command sql fundamental ability design efficient scalable solution outstanding dbms skill strong ability optimization advanced technique exceptional rdbms expertise ability solve complex problem optimize performance associate demonstrates strong technical foundation ready deployment,positive,positive,True
11465,Manisha Sharma,Support,Conditional,Adequate SQL knowledge for standard tasks but needs improvement in complex scenarios.,Adequate DBMS knowledge for standard tasks but needs improvement in complex scenarios.,Adequate RDBMS knowledge for standard tasks but needs improvement in complex scenarios.,Associate has potential but requires targeted training in specific areas.,neutral,adequate sql knowledge standard task need improvement complex scenario adequate dbms knowledge standard task need improvement complex scenario adequate rdbms knowledge standard task need improvement complex scenario associate potential requires targeted training specific area,neutral,neutral,True
11522,Rohan Iyer,IT,Conditional,Basic SQL knowledge but needs improvement in complex scenarios and optimization.,Fair DBMS knowledge with ability to handle routine tasks but limited advanced expertise.,Satisfactory RDBMS knowledge with room for improvement in performance optimization.,Associate shows promise but requires structured training and mentoring.,neutral,basic sql knowledge need improvement complex scenario optimization fair dbms knowledge ability handle routine task limited advanced expertise satisfactory rdbms knowledge room improvement performance optimization associate show promise requires structured training mentoring,neutral,neutral,True
11359,Naveen Gupta,Support,Approve,Outstanding SQL skills with strong ability in optimization and advanced techniques.,Comprehensive knowledge of DBMS concepts with clear understanding of advanced implementations.,Deep understanding of RDBMS with practical experience and proven track record.,Associate is well-prepared for immediate project deployment with strong capabilities.,positive,outstanding sql skill strong ability optimization advanced technique comprehensive knowledge dbms concept clear understanding advanced implementation deep understanding rdbms practical experience proven track record associate wellprepared immediate project deployment strong capability,positive,positive,True
11580,Ritu Reddy,Sales,Approve,Comprehensive knowledge of SQL concepts with clear understanding of advanced implementations.,Exceptional DBMS expertise with ability to solve complex problems and optimize performance.,Strong command over RDBMS fundamentals with ability to design efficient and scalable solutions.,Associate is well-prepared for immediate project deployment with strong capabilities.,positive,comprehensive knowledge sql concept clear understanding advanced implementation exceptional dbms expertise ability solve complex problem optimize performance strong command rdbms fundamental ability design efficient scalable solution associate wellprepared immediate project deployment strong capability,positive,positive,True
11259,Nikhil Mishra,Engineering,Conditional,Moderate understanding of SQL concepts but lacks clarity in advanced principles.,Basic DBMS knowledge but needs improvement in complex scenarios and optimization.,Fair RDBMS knowledge with ability to handle routine tasks but limited advanced expertise.,Associate can handle routine work with proper training and supervision.,neutral,moderate understanding sql concept lack clarity advanced principle basic dbms knowledge need improvement complex scenario optimization fair rdbms knowledge ability handle routine task limited advanced expertise associate handle routine work proper training supervision,neutral,neutral,True
11208,Priyanka Verma,HR,Conditional,Moderate understanding of SQL concepts but lacks clarity in advanced principles.,Adequate DBMS knowledge for standard tasks but needs improvement in complex scenarios.,Fair RDBMS knowledge with ability to handle routine tasks but limited advanced expertise.,Associate shows promise but requires structured training and mentoring.,neutral,moderate understanding sql concept lack clarity advanced principle adequate dbms knowledge standard task need improvement complex scenario fair rdbms knowledge ability handle routine task limited advanced expertise associate show promise requires structured training mentoring,neutral,neutral,True
11239,Sanjay Mishra,Support,Reject,Poor understanding of SQL concepts. Struggled with basic questions and practical implementation.,Poor understanding of DBMS concepts. Struggled with basic questions and practical implementation.,Unable to answer fundamental RDBMS questions and lacks confidence in basic concepts.,Associate needs intensive foundational training and hands-on practice.,negative,poor understanding sql concept struggled basic question practical implementation poor understanding dbms concept struggled basic question practical implementation unable answer fundamental rdbms question lack confidence basic concept associate need intensive foundational training handson practice,negative,negative,True
11307,Kavya Verma,Sales,Conditional,Adequate SQL knowledge for standard tasks but needs improvement in complex scenarios.,Adequate DBMS knowledge for standard tasks but needs improvement in complex scenarios.,Moderate understanding of RDBMS concepts but lacks clarity in advanced principles.,Associate can handle routine work with proper training and supervision.,neutral,adequate sql knowledge standard task need improvement complex scenario adequate dbms knowledge standard task need improvement complex scenario moderate understanding rdbms concept lack clarity advanced principle associate handle routine work proper training supervision,neutral,neutral,True
11217,Anjali Sharma,IT,Conditional,Moderate understanding of SQL concepts but lacks clarity in advanced principles.,Fair DBMS knowledge with ability to handle routine tasks but limited advanced expertise.,Basic RDBMS knowledge but needs improvement in complex scenarios and optimization.,Associate suitable for junior roles with proper training support.,neutral,moderate understanding sql concept lack clarity advanced principle fair dbms knowledge ability handle routine task limited advanced expertise basic rdbms knowledge need improvement complex scenario optimization associate suitable junior role proper training support,neutral,neutral,True
11312,Raj Reddy,Marketing,Conditional,Adequate SQL knowledge for standard tasks but needs improvement in complex scenarios.,Fair DBMS knowledge with ability to handle routine tasks but limited advanced expertise.,Satisfactory RDBMS knowledge with room for improvement in performance optimization.,Associate suitable for junior roles with proper training support.,neutral,adequate sql knowledge standard task need improvement complex scenario fair dbms knowledge ability handle routine task limited advanced expertise satisfactory rdbms knowledge room improvement performance optimization associate suitable junior role proper training support,neutral,neutral,True
11284,Priyanka Verma,Engineering,Conditional,Adequate SQL knowledge for standard tasks but needs improvement in complex scenarios.,Fair DBMS knowledge with ability to handle routine tasks but limited advanced expertise.,Acceptable RDBMS foundation but requires hands-on practice in complex implementations.,Associate is suitable for junior technical roles with proper guidance.,neutral,adequate sql knowledge standard task need improvement complex scenario fair dbms knowledge ability handle routine task limited advanced expertise acceptable rdbms foundation requires handson practice complex implementation associate suitable junior technical role proper guidance,neutral,neutral,True
11209,Vikram Reddy,Finance,Approve,Exceptional SQL expertise with ability to solve complex problems and optimize performance.,Comprehensive knowledge of DBMS concepts with clear understanding of advanced implementations.,Excellent RDBMS proficiency with advanced problem-solving and technical depth.,Associate demonstrates outstanding technical capabilities and is ready for advanced assignments.,positive,exceptional sql expertise ability solve complex problem optimize performance comprehensive knowledge dbms concept clear understanding advanced implementation excellent rdbms proficiency advanced problemsolving technical depth associate demonstrates outstanding technical capability ready advanced assignment,positive,positive,True
11498,Alok Mishra,Support,Approve,Excellent SQL proficiency with advanced problem-solving and technical depth.,Excellent DBMS proficiency with advanced problem-solving and technical depth.,Deep understanding of RDBMS with practical experience and proven track record.,Associate is well-prepared for immediate project deployment with strong capabilities.,positive,excellent sql proficiency advanced problemsolving technical depth excellent dbms proficiency advanced problemsolving technical depth deep understanding rdbms practical experience proven track record associate wellprepared immediate project deployment strong capability,positive,positive,True
11283,Sameer Gupta,IT,Reject,Insufficient knowledge of SQL principles. Unable to apply basic concepts.,Unable to demonstrate DBMS proficiency. Shows lack of confidence and understanding.,Weak understanding of RDBMS concepts and unable to explain basic principles clearly.,Associate needs comprehensive training before consideration for technical role.,negative,insufficient knowledge sql principle unable apply basic concept unable demonstrate dbms proficiency show lack confidence understanding weak understanding rdbms concept unable explain basic principle clearly associate need comprehensive training consideration technical role,negative,negative,True
11538,Priyanka Khan,Marketing,Approve,Comprehensive knowledge of SQL concepts with clear understanding of advanced implementations.,Strong command over DBMS fundamentals with ability to design efficient and scalable solutions.,Deep understanding of RDBMS with practical experience and proven track record.,Associate is well-prepared for immediate project deployment with strong capabilities.,positive,comprehensive knowledge sql concept clear understanding advanced implementation strong command dbms fundamental ability design efficient scalable solution deep understanding rdbms practical experience proven track record associate wellprepared immediate project deployment strong capability,positive,positive,True
11445,Deepa Verma,Engineering,Conditional,Satisfactory SQL knowledge with room for improvement in performance optimization.,Adequate DBMS knowledge for standard tasks but needs improvement in complex scenarios.,Moderate understanding of RDBMS concepts but lacks clarity in advanced principles.,Associate suitable for junior roles with proper training support.,neutral,satisfactory sql knowledge room improvement performance optimization adequate dbms knowledge standard task need improvement complex scenario moderate understanding rdbms concept lack clarity advanced principle associate suitable junior role proper training support,neutral,neutral,True
11536,Manisha Joshi,Sales,Reject,Poor understanding of SQL concepts. Struggled with basic questions and practical implementation.,Failed to demonstrate basic DBMS competency. Lacks understanding of fundamental concepts.,Weak understanding of RDBMS concepts and unable to explain basic principles clearly.,Associate needs intensive foundational training and hands-on practice.,negative,poor understanding sql concept struggled basic question practical implementation failed demonstrate basic dbms competency lack understanding fundamental concept weak understanding rdbms concept unable explain basic principle clearly associate need intensive foundational training handson practice,negative,negative,True
11305,Neha Sharma,Sales,Approve,Demonstrated strong SQL proficiency with excellent query optimization techniques and best practices.,Deep understanding of DBMS with practical experience and proven track record.,Outstanding RDBMS skills with strong ability in optimization and advanced techniques.,Associate is ready for complex technical assignments with proven skills.,positive,demonstrated strong sql proficiency excellent query optimization technique best practice deep understanding dbms practical experience proven track record outstanding rdbms skill strong ability optimization advanced technique associate ready complex technical assignment proven skill,positive,positive,True
11421,Arjun Gupta,Support,Approve,Demonstrated strong SQL proficiency with excellent query optimization techniques and best practices.,Deep understanding of DBMS with practical experience and proven track record.,Outstanding RDBMS skills with strong ability in optimization and advanced techniques.,Associate is well-prepared for immediate project deployment with strong capabilities.,positive,demonstrated strong sql proficiency excellent query optimization technique best practice deep understanding dbms practical experience proven track record outstanding rdbms skill strong ability optimization advanced technique associate wellprepared immediate project deployment strong capability,positive,positive,True
11558,Arun Reddy,Support,Conditional,Fair SQL knowledge with ability to handle routine tasks but limited advanced expertise.,Acceptable DBMS foundation but requires hands-on practice in complex implementations.,Basic RDBMS knowledge but needs improvement in complex scenarios and optimization.,Associate has potential but requires targeted training in specific areas.,neutral,fair sql knowledge ability handle routine task limited advanced expertise acceptable dbms foundation requires handson practice complex implementation basic rdbms knowledge need improvement complex scenario optimization associate potential requires targeted training specific area,neutral,neutral,True
11646,Naveen Chopra,Engineering,Approve,Exceptional SQL expertise with ability to solve complex problems and optimize performance.,Outstanding DBMS skills with strong ability in optimization and advanced techniques.,Comprehensive knowledge of RDBMS concepts with clear understanding of advanced implementations.,Associate is well-prepared for technical assignments with strong analytical thinking.,positive,exceptional sql expertise ability solve complex problem optimize performance outstanding dbms skill strong ability optimization advanced technique comprehensive knowledge rdbms concept clear understanding advanced implementation associate wellprepared technical assignment strong analytical thinking,positive,positive,True
11661,Nikhil Desai,Finance,Conditional,Adequate SQL knowledge for standard tasks but needs improvement in complex scenarios.,Fair DBMS knowledge with ability to handle routine tasks but limited advanced expertise.,Fair RDBMS knowledge with ability to handle routine tasks but limited advanced expertise.,Associate is suitable for junior technical roles with proper guidance.,neutral,adequate sql knowledge standard task need improvement complex scenario fair dbms knowledge ability handle routine task limited advanced expertise fair rdbms knowledge ability handle routine task limited advanced expertise associate suitable junior technical role proper guidance,neutral,neutral,True
11369,Kavya Joshi,Engineering,Conditional,Adequate SQL knowledge for standard tasks but needs improvement in complex scenarios.,Satisfactory DBMS knowledge with room for improvement in performance optimization.,Adequate RDBMS knowledge for standard tasks but needs improvement in complex scenarios.,Associate can handle routine work with proper training and supervision.,neutral,adequate sql knowledge standard task need improvement complex scenario satisfactory dbms knowledge room improvement performance optimization adequate rdbms knowledge standard task need improvement complex scenario associate handle routine work proper training supervision,neutral,neutral,True
11356,Neetu Joshi,IT,Reject,Failed to demonstrate basic SQL competency. Lacks understanding of fundamental concepts.,Weak understanding of DBMS concepts and unable to explain basic principles clearly.,Insufficient knowledge of RDBMS principles. Unable to apply basic concepts.,Associate needs comprehensive technical training before any tech assignment.,negative,failed demonstrate basic sql competency lack understanding fundamental concept weak understanding dbms concept unable explain basic principle clearly insufficient knowledge rdbms principle unable apply basic concept associate need comprehensive technical training tech assignment,negative,negative,True
11273,Harshita Sinha,Engineering,Conditional,Acceptable SQL foundation but requires hands-on practice in complex implementations.,Fair DBMS knowledge with ability to handle routine tasks but limited advanced expertise.,Moderate understanding of RDBMS concepts but lacks clarity in advanced principles.,Associate has potential but requires targeted training in specific areas.,neutral,acceptable sql foundation requires handson practice complex implementation fair dbms knowledge ability handle routine task limited advanced expertise moderate understanding rdbms concept lack clarity advanced principle associate potential requires targeted training specific area,neutral,neutral,True
11584,Kavya Patel,Sales,Conditional,Moderate understanding of SQL concepts but lacks clarity in advanced principles.,Adequate DBMS knowledge for standard tasks but needs improvement in complex scenarios.,Moderate understanding of RDBMS concepts but lacks clarity in advanced principles.,Associate can work on routine technical tasks with supervision.,neutral,moderate understanding sql concept lack clarity advanced principle adequate dbms knowledge standard task need improvement complex scenario moderate understanding rdbms concept lack clarity advanced principle associate work routine technical task supervision,neutral,neutral,True
11336,Arun Singh,Operations,Approve,Strong command over SQL fundamentals with ability to design efficient and scalable solutions.,Excellent DBMS proficiency with advanced problem-solving and technical depth.,Deep understanding of RDBMS with practical experience and proven track record.,Associate is well-prepared for technical assignments with strong analytical thinking.,positive,strong command sql fundamental ability design efficient scalable solution excellent dbms proficiency advanced problemsolving technical depth deep understanding rdbms practical experience proven track record associate wellprepared technical assignment strong analytical thinking,positive,positive,True
11597,Sneha Chopra,HR,Reject,Poor understanding of SQL concepts. Struggled with basic questions and practical implementation.,Insufficient knowledge of DBMS principles. Unable to apply basic concepts.,Insufficient knowledge of RDBMS principles. Unable to apply basic concepts.,Associate requires intensive training program before consideration for any role.,negative,poor understanding sql concept struggled basic question practical implementation insufficient knowledge dbms principle unable apply basic concept insufficient knowledge rdbms principle unable apply basic concept associate requires intensive training program consideration role,negative,negative,True
11395,Amit Sharma,IT,Approve,Exceptional SQL expertise with ability to solve complex problems and optimize performance.,Demonstrated strong DBMS proficiency with excellent query optimization techniques and best practices.,Outstanding RDBMS skills with strong ability in optimization and advanced techniques.,Associate showed exceptional technical aptitude and is well-prepared for project deployment.,positive,exceptional sql expertise ability solve complex problem optimize performance demonstrated strong dbms proficiency excellent query optimization technique best practice outstanding rdbms skill strong ability optimization advanced technique associate showed exceptional technical aptitude wellprepared project deployment,positive,positive,True
11523,Priyanka Nair,Support,Approve,Comprehensive knowledge of SQL concepts with clear understanding of advanced implementations.,Deep understanding of DBMS with practical experience and proven track record.,Deep understanding of RDBMS with practical experience and proven track record.,Associate is well-prepared for immediate project deployment with strong capabilities.,positive,comprehensive knowledge sql concept clear understanding advanced implementation deep understanding dbms practical experience proven track record deep understanding rdbms practical experience proven track record associate wellprepared immediate project deployment strong capability,positive,positive,True
11233,Vikram Patel,Operations,Approve,Excellent SQL proficiency with advanced problem-solving and technical depth.,Excellent DBMS proficiency with advanced problem-solving and technical depth.,Demonstrated strong RDBMS proficiency with excellent query optimization techniques and best practices.,Associate demonstrates outstanding technical capabilities and is ready for advanced assignments.,positive,excellent sql proficiency advanced problemsolving technical depth excellent dbms proficiency advanced problemsolving technical depth demonstrated strong rdbms proficiency excellent query optimization technique best practice associate demonstrates outstanding technical capability ready advanced assignment,positive,positive,True
11582,Meera Iyer,Engineering,Reject,Poor understanding of SQL concepts. Struggled with basic questions and practical implementation.,Unable to answer fundamental DBMS questions and lacks confidence in basic concepts.,Unable to answer fundamental RDBMS questions and lacks confidence in basic concepts.,Associate needs comprehensive technical training before any tech assignment.,negative,poor understanding sql concept struggled basic question practical implementation unable answer fundamental dbms question lack confidence basic concept unable answer fundamental rdbms question lack confidence basic concept associate need comprehensive technical training tech assignment,negative,negative,True
11268,Abhishek Yadav,Engineering,Approve,Exceptional SQL expertise with ability to solve complex problems and optimize performance.,Exceptional DBMS expertise with ability to solve complex problems and optimize performance.,Demonstrated strong RDBMS proficiency with excellent query optimization techniques and best practices.,Associate demonstrates strong technical foundation and is ready for deployment.,positive,exceptional sql expertise ability solve complex problem optimize performance exceptional dbms expertise ability solve complex problem optimize performance demonstrated strong rdbms proficiency excellent query optimization technique best practice associate demonstrates strong technical foundation ready deployment,positive,positive,True
11639,Pooja Sharma,Support,Reject,Poor understanding of SQL concepts. Struggled with basic questions and practical implementation.,Unable to demonstrate DBMS proficiency. Shows lack of confidence and understanding.,Unable to demonstrate RDBMS proficiency. Shows lack of confidence and understanding.,Associate needs intensive foundational training and hands-on practice.,negative,poor understanding sql concept struggled basic question practical implementation unable demonstrate dbms proficiency show lack confidence understanding unable demonstrate rdbms proficiency show lack confidence understanding associate need intensive foundational training handson practice,negative,negative,True
11543,Rajesh Sharma,Support,Conditional,Acceptable SQL foundation but requires hands-on practice in complex implementations.,Satisfactory DBMS knowledge with room for improvement in performance optimization.,Acceptable RDBMS foundation but requires hands-on practice in complex implementations.,Associate can work on routine technical tasks with supervision.,neutral,acceptable sql foundation requires handson practice complex implementation satisfactory dbms knowledge room improvement performance optimization acceptable rdbms foundation requires handson practice complex implementation associate work routine technical task supervision,neutral,neutral,True
11468,Amit Kaur,HR,Conditional,Acceptable SQL foundation but requires hands-on practice in complex implementations.,Acceptable DBMS foundation but requires hands-on practice in complex implementations.,Basic RDBMS knowledge but needs improvement in complex scenarios and optimization.,Associate suitable for junior roles with proper training support.,neutral,acceptable sql foundation requires handson practice complex implementation acceptable dbms foundation requires handson practice complex implementation basic rdbms knowledge need improvement complex scenario optimization associate suitable junior role proper training support,neutral,neutral,True
11573,Sanjay Yadav,IT,Reject,Failed to demonstrate basic SQL competency. Lacks understanding of fundamental concepts.,Insufficient knowledge of DBMS principles. Unable to apply basic concepts.,Unable to demonstrate RDBMS proficiency. Shows lack of confidence and understanding.,Associate needs significant upskilling before any technical role assignment.,negative,failed demonstrate basic sql competency lack understanding fundamental concept insufficient knowledge dbms principle unable apply basic concept unable demonstrate rdbms proficiency show lack confidence understanding associate need significant upskilling technical role assignment,negative,negative,True
11272,Sneha Desai,Marketing,Approve,Deep understanding of SQL with practical experience and proven track record.,Deep understanding of DBMS with practical experience and proven track record.,Demonstrated strong RDBMS proficiency with excellent query optimization techniques and best practices.,Associate is well-prepared for immediate project deployment with strong capabilities.,positive,deep understanding sql practical experience proven track record deep understanding dbms practical experience proven track record demonstrated strong rdbms proficiency excellent query optimization technique best practice associate wellprepared immediate project deployment strong capability,positive,positive,True
11611,Priya Iyer,Marketing,Reject,Failed to demonstrate basic SQL competency. Lacks understanding of fundamental concepts.,Unable to answer fundamental DBMS questions and lacks confidence in basic concepts.,Unable to answer fundamental RDBMS questions and lacks confidence in basic concepts.,Associate needs comprehensive training before consideration for technical role.,negative,failed demonstrate basic sql competency lack understanding fundamental concept unable answer fundamental dbms question lack confidence basic concept unable answer fundamental rdbms question lack confidence basic concept associate need comprehensive training consideration technical role,negative,negative,True
11649,Meera Sinha,IT,Conditional,Adequate SQL knowledge for standard tasks but needs improvement in complex scenarios.,Fair DBMS knowledge with ability to handle routine tasks but limited advanced expertise.,Adequate RDBMS knowledge for standard tasks but needs improvement in complex scenarios.,Associate can work on routine technical tasks with supervision.,neutral,adequate sql knowledge standard task need improvement complex scenario fair dbms knowledge ability handle routine task limited advanced expertise adequate rdbms knowledge standard task need improvement complex scenario associate work routine technical task supervision,neutral,neutral,True
11548,Raj Chopra,Finance,Reject,Unable to demonstrate SQL proficiency. Shows lack of confidence and understanding.,Failed to demonstrate basic DBMS competency. Lacks understanding of fundamental concepts.,Failed to demonstrate basic RDBMS competency. Lacks understanding of fundamental concepts.,Associate requires intensive training program before consideration for any role.,negative,unable demonstrate sql proficiency show lack confidence understanding failed demonstrate basic dbms competency lack understanding fundamental concept failed demonstrate basic rdbms competency lack understanding fundamental concept associate requires intensive training program consideration role,negative,negative,True
11390,Rajesh Nair,Sales,Conditional,Adequate SQL knowledge for standard tasks but needs improvement in complex scenarios.,Satisfactory DBMS knowledge with room for improvement in performance optimization.,Fair RDBMS knowledge with ability to handle routine tasks but limited advanced expertise.,Associate can handle routine work with proper training and supervision.,neutral,adequate sql knowledge standard task need improvement complex scenario satisfactory dbms knowledge room improvement performance optimization fair rdbms knowledge ability handle routine task limited advanced expertise associate handle routine work proper training supervision,neutral,neutral,True
11406,Meera Mishra,Support,Approve,Strong command over SQL fundamentals with ability to design efficient and scalable solutions.,Strong command over DBMS fundamentals with ability to design efficient and scalable solutions.,Outstanding RDBMS skills with strong ability in optimization and advanced techniques.,Associate is well-prepared for immediate project deployment with strong capabilities.,positive,strong command sql fundamental ability design efficient scalable solution strong command dbms fundamental ability design efficient scalable solution outstanding rdbms skill strong ability optimization advanced technique associate wellprepared immediate project deployment strong capability,positive,positive,True
11504,Manisha Iyer,Support,Approve,Demonstrated strong SQL proficiency with excellent query optimization techniques and best practices.,Excellent DBMS proficiency with advanced problem-solving and technical depth.,Excellent RDBMS proficiency with advanced problem-solving and technical depth.,Associate demonstrates strong technical foundation and is ready for deployment.,positive,demonstrated strong sql proficiency excellent query optimization technique best practice excellent dbms proficiency advanced problemsolving technical depth excellent rdbms proficiency advanced problemsolving technical depth associate demonstrates strong technical foundation ready deployment,positive,positive,True
11418,Neha Sinha,Engineering,Reject,Poor understanding of SQL concepts. Struggled with basic questions and practical implementation.,Weak understanding of DBMS concepts and unable to explain basic principles clearly.,Failed to demonstrate basic RDBMS competency. Lacks understanding of fundamental concepts.,Associate needs intensive foundational training and hands-on practice.,negative,poor understanding sql concept struggled basic question practical implementation weak understanding dbms concept unable explain basic principle clearly failed demonstrate basic rdbms competency lack understanding fundamental concept associate need intensive foundational training handson practice,negative,negative,True
11616,Shreya Sinha,Marketing,Reject,Poor understanding of SQL concepts. Struggled with basic questions and practical implementation.,Unable to demonstrate DBMS proficiency. Shows lack of confidence and understanding.,Poor understanding of RDBMS concepts. Struggled with basic questions and practical implementation.,Associate needs foundational training before any role assignment.,negative,poor understanding sql concept struggled basic question practical implementation unable demonstrate dbms proficiency show lack confidence understanding poor understanding rdbms concept struggled basic question practical implementation associate need foundational training role assignment,negative,negative,True
11467,Vikram Kaur,Operations,Approve,Demonstrated strong SQL proficiency with excellent query optimization techniques and best practices.,Strong command over DBMS fundamentals with ability to design efficient and scalable solutions.,Excellent RDBMS proficiency with advanced problem-solving and technical depth.,Associate is well-prepared for technical assignments with strong analytical thinking.,positive,demonstrated strong sql proficiency excellent query optimization technique best practice strong command dbms fundamental ability design efficient scalable solution excellent rdbms proficiency advanced problemsolving technical depth associate wellprepared technical assignment strong analytical thinking,positive,positive,True
11520,Priya Sinha,Engineering,Conditional,Adequate SQL knowledge for standard tasks but needs improvement in complex scenarios.,Moderate understanding of DBMS concepts but lacks clarity in advanced principles.,Satisfactory RDBMS knowledge with room for improvement in performance optimization.,Associate can handle routine work with proper training and supervision.,neutral,adequate sql knowledge standard task need improvement complex scenario moderate understanding dbms concept lack clarity advanced principle satisfactory rdbms knowledge room improvement performance optimization associate handle routine work proper training supervision,neutral,neutral,True
11556,Rohan Desai,Engineering,Approve,Strong command over SQL fundamentals with ability to design efficient and scalable solutions.,Excellent DBMS proficiency with advanced problem-solving and technical depth.,Strong command over RDBMS fundamentals with ability to design efficient and scalable solutions.,Associate is well-prepared for technical assignments with strong analytical thinking.,positive,strong command sql fundamental ability design efficient scalable solution excellent dbms proficiency advanced problemsolving technical depth strong command rdbms fundamental ability design efficient scalable solution associate wellprepared technical assignment strong analytical thinking,positive,positive,True
11599,Naveen Joshi,HR,Approve,Deep understanding of SQL with practical experience and proven track record.,Outstanding DBMS skills with strong ability in optimization and advanced techniques.,Comprehensive knowledge of RDBMS concepts with clear understanding of advanced implementations.,Associate is well-prepared for technical assignments with strong analytical thinking.,positive,deep understanding sql practical experience proven track record outstanding dbms skill strong ability optimization advanced technique comprehensive knowledge rdbms concept clear understanding advanced implementation associate wellprepared technical assignment strong analytical thinking,positive,positive,True
11177,Neha Sinha,IT,Reject,Insufficient knowledge of SQL principles. Unable to apply basic concepts.,Unable to demonstrate DBMS proficiency. Shows lack of confidence and understanding.,Weak understanding of RDBMS concepts and unable to explain basic principles clearly.,Associate needs foundational training before any role assignment.,negative,insufficient knowledge sql principle unable apply basic concept unable demonstrate dbms proficiency show lack confidence understanding weak understanding rdbms concept unable explain basic principle clearly associate need foundational training role assignment,negative,negative,True
11608,Pooja Desai,Engineering,Conditional,Basic SQL knowledge but needs improvement in complex scenarios and optimization.,Basic DBMS knowledge but needs improvement in complex scenarios and optimization.,Acceptable RDBMS foundation but requires hands-on practice in complex implementations.,Associate can handle routine work with proper training and supervision.,neutral,basic sql knowledge need improvement complex scenario optimization basic dbms knowledge need improvement complex scenario optimization acceptable rdbms foundation requires handson practice complex implementation associate handle routine work proper training supervision,neutral,neutral,True
11329,Vikram Saxena,Marketing,Conditional,Fair SQL knowledge with ability to handle routine tasks but limited advanced expertise.,Basic DBMS knowledge but needs improvement in complex scenarios and optimization.,Basic RDBMS knowledge but needs improvement in complex scenarios and optimization.,Associate suitable for junior roles with proper training support.,neutral,fair sql knowledge ability handle routine task limited advanced expertise basic dbms knowledge need improvement complex scenario optimization basic rdbms knowledge need improvement complex scenario optimization associate suitable junior role proper training support,neutral,neutral,True
11488,Pooja Bhatt,Sales,Approve,Demonstrated strong SQL proficiency with excellent query optimization techniques and best practices.,Strong command over DBMS fundamentals with ability to design efficient and scalable solutions.,Excellent RDBMS proficiency with advanced problem-solving and technical depth.,Associate demonstrates strong technical foundation and is ready for deployment.,positive,demonstrated strong sql proficiency excellent query optimization technique best practice strong command dbms fundamental ability design efficient scalable solution excellent rdbms proficiency advanced problemsolving technical depth associate demonstrates strong technical foundation ready deployment,positive,positive,True
11530,Akshay Singh,Marketing,Approve,Outstanding SQL skills with strong ability in optimization and advanced techniques.,Excellent DBMS proficiency with advanced problem-solving and technical depth.,Excellent RDBMS proficiency with advanced problem-solving and technical depth.,Associate demonstrates outstanding technical capabilities and is ready for advanced assignments.,positive,outstanding sql skill strong ability optimization advanced technique excellent dbms proficiency advanced problemsolving technical depth excellent rdbms proficiency advanced problemsolving technical depth associate demonstrates outstanding technical capability ready advanced assignment,positive,positive,True
11181,Rohan Sharma,Finance,Reject,Unable to demonstrate SQL proficiency. Shows lack of confidence and understanding.,Poor understanding of DBMS concepts. Struggled with basic questions and practical implementation.,Poor understanding of RDBMS concepts. Struggled with basic questions and practical implementation.,Associate needs foundational training before any role assignment.,negative,unable demonstrate sql proficiency show lack confidence understanding poor understanding dbms concept struggled basic question practical implementation poor understanding rdbms concept struggled basic question practical implementation associate need foundational training role assignment,negative,negative,True
11469,Naveen Yadav,Support,Approve,Demonstrated strong SQL proficiency with excellent query optimization techniques and best practices.,Strong command over DBMS fundamentals with ability to design efficient and scalable solutions.,Deep understanding of RDBMS with practical experience and proven track record.,Associate is well-prepared for immediate project deployment with strong capabilities.,positive,demonstrated strong sql proficiency excellent query optimization technique best practice strong command dbms fundamental ability design efficient scalable solution deep understanding rdbms practical experience proven track record associate wellprepared immediate project deployment strong capability,positive,positive,True
11226,Neha Verma,Finance,Approve,Strong command over SQL fundamentals with ability to design efficient and scalable solutions.,Deep understanding of DBMS with practical experience and proven track record.,Comprehensive knowledge of RDBMS concepts with clear understanding of advanced implementations.,Associate demonstrates outstanding technical capabilities and is ready for advanced assignments.,positive,strong command sql fundamental ability design efficient scalable solution deep understanding dbms practical experience proven track record comprehensive knowledge rdbms concept clear understanding advanced implementation associate demonstrates outstanding technical capability ready advanced assignment,positive,positive,True
11586,Harshita Yadav,Support,Approve,Deep understanding of SQL with practical experience and proven track record.,Excellent DBMS proficiency with advanced problem-solving and technical depth.,Outstanding RDBMS skills with strong ability in optimization and advanced techniques.,Associate demonstrates strong technical foundation and is ready for deployment.,positive,deep understanding sql practical experience proven track record excellent dbms proficiency advanced problemsolving technical depth outstanding rdbms skill strong ability optimization advanced technique associate demonstrates strong technical foundation ready deployment,positive,positive,True
11261,Abhishek Bhatt,Sales,Conditional,Fair SQL knowledge with ability to handle routine tasks but limited advanced expertise.,Moderate understanding of DBMS concepts but lacks clarity in advanced principles.,Acceptable RDBMS foundation but requires hands-on practice in complex implementations.,Associate can handle routine work with proper training and supervision.,neutral,fair sql knowledge ability handle routine task limited advanced expertise moderate understanding dbms concept lack clarity advanced principle acceptable rdbms foundation requires handson practice complex implementation associate handle routine work proper training supervision,neutral,neutral,True
11278,Priya Singh,HR,Approve,Excellent SQL proficiency with advanced problem-solving and technical depth.,Demonstrated strong DBMS proficiency with excellent query optimization techniques and best practices.,Deep understanding of RDBMS with practical experience and proven track record.,Associate is well-prepared for immediate project deployment with strong capabilities.,positive,excellent sql proficiency advanced problemsolving technical depth demonstrated strong dbms proficiency excellent query optimization technique best practice deep understanding rdbms practical experience proven track record associate wellprepared immediate project deployment strong capability,positive,positive,True
11598,Harshita Singh,HR,Approve,Outstanding SQL skills with strong ability in optimization and advanced techniques.,Demonstrated strong DBMS proficiency with excellent query optimization techniques and best practices.,Outstanding RDBMS skills with strong ability in optimization and advanced techniques.,Associate is well-prepared for immediate project deployment with strong capabilities.,positive,outstanding sql skill strong ability optimization advanced technique demonstrated strong dbms proficiency excellent query optimization technique best practice outstanding rdbms skill strong ability optimization advanced technique associate wellprepared immediate project deployment strong capability,positive,positive,True
11413,Naveen Kumar,Operations,Approve,Strong command over SQL fundamentals with ability to design efficient and scalable solutions.,Demonstrated strong DBMS proficiency with excellent query optimization techniques and best practices.,Demonstrated strong RDBMS proficiency with excellent query optimization techniques and best practices.,Associate demonstrates outstanding technical capabilities and is ready for advanced assignments.,positive,strong command sql fundamental ability design efficient scalable solution demonstrated strong dbms proficiency excellent query optimization technique best practice demonstrated strong rdbms proficiency excellent query optimization technique best practice associate demonstrates outstanding technical capability ready advanced assignment,positive,positive,True
11419,Arun Kaur,IT,Reject,Unable to answer fundamental SQL questions and lacks confidence in basic concepts.,Poor understanding of DBMS concepts. Struggled with basic questions and practical implementation.,Failed to demonstrate basic RDBMS competency. Lacks understanding of fundamental concepts.,Associate requires intensive training program before consideration for any role.,negative,unable answer fundamental sql question lack confidence basic concept poor understanding dbms concept struggled basic question practical implementation failed demonstrate basic rdbms competency lack understanding fundamental concept associate requires intensive training program consideration role,negative,negative,True
11541,Sneha Khan,Operations,Approve,Deep understanding of SQL with practical experience and proven track record.,Outstanding DBMS skills with strong ability in optimization and advanced techniques.,Deep understanding of RDBMS with practical experience and proven track record.,Associate showed exceptional technical aptitude and is well-prepared for project deployment.,positive,deep understanding sql practical experience proven track record outstanding dbms skill strong ability optimization advanced technique deep understanding rdbms practical experience proven track record associate showed exceptional technical aptitude wellprepared project deployment,positive,positive,True
11172,Amit Rao,HR,Conditional,Adequate SQL knowledge for standard tasks but needs improvement in complex scenarios.,Basic DBMS knowledge but needs improvement in complex scenarios and optimization.,Adequate RDBMS knowledge for standard tasks but needs improvement in complex scenarios.,Associate can handle routine work with proper training and supervision.,neutral,adequate sql knowledge standard task need improvement complex scenario basic dbms knowledge need improvement complex scenario optimization adequate rdbms knowledge standard task need improvement complex scenario associate handle routine work proper training supervision,neutral,neutral,True
11473,Vikram Chopra,Marketing,Conditional,Basic SQL knowledge but needs improvement in complex scenarios and optimization.,Acceptable DBMS foundation but requires hands-on practice in complex implementations.,Moderate understanding of RDBMS concepts but lacks clarity in advanced principles.,Associate is suitable for junior technical roles with proper guidance.,neutral,basic sql knowledge need improvement complex scenario optimization acceptable dbms foundation requires handson practice complex implementation moderate understanding rdbms concept lack clarity advanced principle associate suitable junior technical role proper guidance,neutral,neutral,True
11568,Arun Chopra,HR,Conditional,Adequate SQL knowledge for standard tasks but needs improvement in complex scenarios.,Moderate understanding of DBMS concepts but lacks clarity in advanced principles.,Moderate understanding of RDBMS concepts but lacks clarity in advanced principles.,Associate can handle routine work with proper training and supervision.,neutral,adequate sql knowledge standard task need improvement complex scenario moderate understanding dbms concept lack clarity advanced principle moderate understanding rdbms concept lack clarity advanced principle associate handle routine work proper training supervision,neutral,neutral,True
11309,Sameer Reddy,Operations,Reject,Weak understanding of SQL concepts and unable to explain basic principles clearly.,Unable to answer fundamental DBMS questions and lacks confidence in basic concepts.,Weak understanding of RDBMS concepts and unable to explain basic principles clearly.,Associate needs foundational training before any role assignment.,negative,weak understanding sql concept unable explain basic principle clearly unable answer fundamental dbms question lack confidence basic concept weak understanding rdbms concept unable explain basic principle clearly associate need foundational training role assignment,negative,negative,True
11288,Pooja Mishra,Sales,Reject,Weak understanding of SQL concepts and unable to explain basic principles clearly.,Insufficient knowledge of DBMS principles. Unable to apply basic concepts.,Insufficient knowledge of RDBMS principles. Unable to apply basic concepts.,Associate needs comprehensive training before consideration for technical role.,negative,weak understanding sql concept unable explain basic principle clearly insufficient knowledge dbms principle unable apply basic concept insufficient knowledge rdbms principle unable apply basic concept associate need comprehensive training consideration technical role,negative,negative,True
11266,Rajesh Rao,IT,Conditional,Fair SQL knowledge with ability to handle routine tasks but limited advanced expertise.,Satisfactory DBMS knowledge with room for improvement in performance optimization.,Adequate RDBMS knowledge for standard tasks but needs improvement in complex scenarios.,Associate can work on routine technical tasks with supervision.,neutral,fair sql knowledge ability handle routine task limited advanced expertise satisfactory dbms knowledge room improvement performance optimization adequate rdbms knowledge standard task need improvement complex scenario associate work routine technical task supervision,neutral,neutral,True
11339,Rajesh Gupta,Sales,Conditional,Fair SQL knowledge with ability to handle routine tasks but limited advanced expertise.,Basic DBMS knowledge but needs improvement in complex scenarios and optimization.,Satisfactory RDBMS knowledge with room for improvement in performance optimization.,Associate shows promise but requires structured training and mentoring.,neutral,fair sql knowledge ability handle routine task limited advanced expertise basic dbms knowledge need improvement complex scenario optimization satisfactory rdbms knowledge room improvement performance optimization associate show promise requires structured training mentoring,neutral,neutral,True
11526,Arjun Iyer,Support,Approve,Exceptional SQL expertise with ability to solve complex problems and optimize performance.,Deep understanding of DBMS with practical experience and proven track record.,Outstanding RDBMS skills with strong ability in optimization and advanced techniques.,Associate is well-prepared for immediate project deployment with strong capabilities.,positive,exceptional sql expertise ability solve complex problem optimize performance deep understanding dbms practical experience proven track record outstanding rdbms skill strong ability optimization advanced technique associate wellprepared immediate project deployment strong capability,positive,positive,True
11242,Raj Verma,Operations,Approve,Deep understanding of SQL with practical experience and proven track record.,Strong command over DBMS fundamentals with ability to design efficient and scalable solutions.,Demonstrated strong RDBMS proficiency with excellent query optimization techniques and best practices.,Associate is well-prepared for immediate project deployment with strong capabilities.,positive,deep understanding sql practical experience proven track record strong command dbms fundamental ability design efficient scalable solution demonstrated strong rdbms proficiency excellent query optimization technique best practice associate wellprepared immediate project deployment strong capability,positive,positive,True
11636,Vikram Sharma,HR,Approve,Deep understanding of SQL with practical experience and proven track record.,Comprehensive knowledge of DBMS concepts with clear understanding of advanced implementations.,Outstanding RDBMS skills with strong ability in optimization and advanced techniques.,Associate demonstrates strong technical foundation and is ready for deployment.,positive,deep understanding sql practical experience proven track record comprehensive knowledge dbms concept clear understanding advanced implementation outstanding rdbms skill strong ability optimization advanced technique associate demonstrates strong technical foundation ready deployment,positive,positive,True
11634,Meera Verma,Engineering,Reject,Insufficient knowledge of SQL principles. Unable to apply basic concepts.,Weak understanding of DBMS concepts and unable to explain basic principles clearly.,Unable to answer fundamental RDBMS questions and lacks confidence in basic concepts.,Associate needs significant upskilling before any technical role assignment.,negative,insufficient knowledge sql principle unable apply basic concept weak understanding dbms concept unable explain basic principle clearly unable answer fundamental rdbms question lack confidence basic concept associate need significant upskilling technical role assignment,negative,negative,True
11397,Ritu Nair,IT,Approve,Strong command over SQL fundamentals with ability to design efficient and scalable solutions.,Excellent DBMS proficiency with advanced problem-solving and technical depth.,Outstanding RDBMS skills with strong ability in optimization and advanced techniques.,Associate is ready for complex technical assignments with proven skills.,positive,strong command sql fundamental ability design efficient scalable solution excellent dbms proficiency advanced problemsolving technical depth outstanding rdbms skill strong ability optimization advanced technique associate ready complex technical assignment proven skill,positive,positive,True
11375,Priya Kaur,HR,Approve,Exceptional SQL expertise with ability to solve complex problems and optimize performance.,Comprehensive knowledge of DBMS concepts with clear understanding of advanced implementations.,Excellent RDBMS proficiency with advanced problem-solving and technical depth.,Associate is ready for complex technical assignments with proven skills.,positive,exceptional sql expertise ability solve complex problem optimize performance comprehensive knowledge dbms concept clear understanding advanced implementation excellent rdbms proficiency advanced problemsolving technical depth associate ready complex technical assignment proven skill,positive,positive,True
11658,Pooja Kaur,Marketing,Reject,Failed to demonstrate basic SQL competency. Lacks understanding of fundamental concepts.,Unable to demonstrate DBMS proficiency. Shows lack of confidence and understanding.,Unable to demonstrate RDBMS proficiency. Shows lack of confidence and understanding.,Associate needs significant upskilling before any technical role assignment.,negative,failed demonstrate basic sql competency lack understanding fundamental concept unable demonstrate dbms proficiency show lack confidence understanding unable demonstrate rdbms proficiency show lack confidence understanding associate need significant upskilling technical role assignment,negative,negative,True
11551,Harshita Patel,Finance,Conditional,Moderate understanding of SQL concepts but lacks clarity in advanced principles.,Basic DBMS knowledge but needs improvement in complex scenarios and optimization.,Fair RDBMS knowledge with ability to handle routine tasks but limited advanced expertise.,Associate can work on routine technical tasks with supervision.,neutral,moderate understanding sql concept lack clarity advanced principle basic dbms knowledge need improvement complex scenario optimization fair rdbms knowledge ability handle routine task limited advanced expertise associate work routine technical task supervision,neutral,neutral,True
11187,Sneha Yadav,Sales,Conditional,Fair SQL knowledge with ability to handle routine tasks but limited advanced expertise.,Satisfactory DBMS knowledge with room for improvement in performance optimization.,Moderate understanding of RDBMS concepts but lacks clarity in advanced principles.,Associate can handle routine work with proper training and supervision.,neutral,fair sql knowledge ability handle routine task limited advanced expertise satisfactory dbms knowledge room improvement performance optimization moderate understanding rdbms concept lack clarity advanced principle associate handle routine work proper training supervision,neutral,neutral,True
11472,Sanjay Patel,HR,Conditional,Satisfactory SQL knowledge with room for improvement in performance optimization.,Satisfactory DBMS knowledge with room for improvement in performance optimization.,Adequate RDBMS knowledge for standard tasks but needs improvement in complex scenarios.,Associate has potential but requires targeted training in specific areas.,neutral,satisfactory sql knowledge room improvement performance optimization satisfactory dbms knowledge room improvement performance optimization adequate rdbms knowledge standard task need improvement complex scenario associate potential requires targeted training specific area,neutral,neutral,True
11604,Ritu Yadav,Sales,Approve,Comprehensive knowledge of SQL concepts with clear understanding of advanced implementations.,Comprehensive knowledge of DBMS concepts with clear understanding of advanced implementations.,Strong command over RDBMS fundamentals with ability to design efficient and scalable solutions.,Associate demonstrates outstanding technical capabilities and is ready for advanced assignments.,positive,comprehensive knowledge sql concept clear understanding advanced implementation comprehensive knowledge dbms concept clear understanding advanced implementation strong command rdbms fundamental ability design efficient scalable solution associate demonstrates outstanding technical capability ready advanced assignment,positive,positive,True
11338,Arjun Chopra,Sales,Approve,Strong command over SQL fundamentals with ability to design efficient and scalable solutions.,Excellent DBMS proficiency with advanced problem-solving and technical depth.,Comprehensive knowledge of RDBMS concepts with clear understanding of advanced implementations.,Associate is ready for complex technical assignments with proven skills.,positive,strong command sql fundamental ability design efficient scalable solution excellent dbms proficiency advanced problemsolving technical depth comprehensive knowledge rdbms concept clear understanding advanced implementation associate ready complex technical assignment proven skill,positive,positive,True
11564,Shreya Iyer,HR,Approve,Comprehensive knowledge of SQL concepts with clear understanding of advanced implementations.,Exceptional DBMS expertise with ability to solve complex problems and optimize performance.,Comprehensive knowledge of RDBMS concepts with clear understanding of advanced implementations.,Associate is well-prepared for immediate project deployment with strong capabilities.,positive,comprehensive knowledge sql concept clear understanding advanced implementation exceptional dbms expertise ability solve complex problem optimize performance comprehensive knowledge rdbms concept clear understanding advanced implementation associate wellprepared immediate project deployment strong capability,positive,positive,True
11570,Sameer Joshi,IT,Approve,Exceptional SQL expertise with ability to solve complex problems and optimize performance.,Excellent DBMS proficiency with advanced problem-solving and technical depth.,Demonstrated strong RDBMS proficiency with excellent query optimization techniques and best practices.,Associate demonstrates strong technical foundation and is ready for deployment.,positive,exceptional sql expertise ability solve complex problem optimize performance excellent dbms proficiency advanced problemsolving technical depth demonstrated strong rdbms proficiency excellent query optimization technique best practice associate demonstrates strong technical foundation ready deployment,positive,positive,True
11385,Naveen Kaur,IT,Approve,Deep understanding of SQL with practical experience and proven track record.,Comprehensive knowledge of DBMS concepts with clear understanding of advanced implementations.,Deep understanding of RDBMS with practical experience and proven track record.,Associate is ready for complex technical assignments with proven skills.,positive,deep understanding sql practical experience proven track record comprehensive knowledge dbms concept clear understanding advanced implementation deep understanding rdbms practical experience proven track record associate ready complex technical assignment proven skill,positive,positive,True
11210,Harshita Sharma,Marketing,Approve,Demonstrated strong SQL proficiency with excellent query optimization techniques and best practices.,Demonstrated strong DBMS proficiency with excellent query optimization techniques and best practices.,Outstanding RDBMS skills with strong ability in optimization and advanced techniques.,Associate demonstrates strong technical foundation and is ready for deployment.,positive,demonstrated strong sql proficiency excellent query optimization technique best practice demonstrated strong dbms proficiency excellent query optimization technique best practice outstanding rdbms skill strong ability optimization advanced technique associate demonstrates strong technical foundation ready deployment,positive,positive,True
11370,Kavya Sharma,Marketing,Conditional,Satisfactory SQL knowledge with room for improvement in performance optimization.,Acceptable DBMS foundation but requires hands-on practice in complex implementations.,Fair RDBMS knowledge with ability to handle routine tasks but limited advanced expertise.,Associate suitable for junior roles with proper training support.,neutral,satisfactory sql knowledge room improvement performance optimization acceptable dbms foundation requires handson practice complex implementation fair rdbms knowledge ability handle routine task limited advanced expertise associate suitable junior role proper training support,neutral,neutral,True
